Date,Wert
2019-01-01 11:00:00,1.4664800000173273
2019-01-01 14:00:00,1.4664800000173273
2019-02-01 16:00:00,1.4664800000173273
2019-02-01 20:00:00,3.0929599999944912
2019-02-01 21:00:00,3.0929599999944912
2019-03-01 10:00:00,3.0929599999944912
2019-03-01 13:00:00,3.173040000037872
2019-03-01 14:00:00,3.2263999999850057
2019-03-01 17:00:00,3.546319999950356
2019-03-01 18:00:00,3.546319999950356
2019-03-01 20:00:00,3.333039999997709
2019-04-01 09:00:00,3.306320000046981
2019-04-01 13:00:00,3.306320000046981
2019-04-01 16:00:00,3.11967999994522
2019-04-01 20:00:00,3.146400000041467
2019-04-01 22:00:00,3.11967999994522
2019-05-01 10:00:00,1.5732000000571134
2019-05-01 15:00:00,1.5731200000300305
2019-05-01 18:00:00,1.5731200000300305
2019-05-01 20:00:00,1.573119999957271
2019-06-01 13:00:00,1.5465600000607085
2019-06-01 14:00:00,1.5464800000336254
2019-06-01 20:00:00,1.5464800000336254
2019-07-01 06:00:00,1.546559999987949
2019-07-01 07:00:00,3.1463199999416247
2019-07-01 09:00:00,3.173040000037872
2019-07-01 10:00:00,3.3863999999448424
2019-07-01 11:00:00,3.412960000059684
2019-08-01 08:00:00,3.412960000059684
2019-09-01 18:00:00,3.1729600000107894
2019-10-01 15:00:00,3.1729600000107894
2019-11-01 07:00:00,3.252959999954328
2019-11-01 08:00:00,3.306400000001304
2019-11-01 14:00:00,3.306400000001304
2019-11-01 16:00:00,3.572959999946761
2019-11-01 17:00:00,3.6529600000358182
2019-11-01 19:00:00,3.573039999973844
2019-11-01 20:00:00,3.5996000000159256
2019-11-01 21:00:00,3.573039999973844
2019-11-01 22:00:00,2.0531199999823
2019-11-01 23:00:00,2.026479999985895
2019-12-01 00:00:00,2.0264800000586547
2019-12-01 01:00:00,2.0264800000586547
2019-12-01 02:00:00,2.0264800000586547
2019-12-01 03:00:00,2.026479999985895
2019-12-01 04:00:00,2.026479999985895
2019-12-01 05:00:00,2.026479999985895
2019-12-01 06:00:00,2.026479999985895
2019-12-01 07:00:00,2.026479999985895
2019-12-01 08:00:00,2.026479999985895
2019-12-01 09:00:00,2.026479999985895
2019-12-01 10:00:00,2.026479999985895
2019-12-01 11:00:00,2.026479999985895
2019-12-01 12:00:00,2.026479999985895
2019-12-01 13:00:00,2.0263999999588123
2019-12-01 14:00:00,2.0263999999588123
2019-12-01 15:00:00,2.0263999999588123
2019-12-01 16:00:00,2.026479999985895
2019-12-01 17:00:00,2.026479999985895
2019-12-01 18:00:00,2.026479999985895
2019-12-01 19:00:00,2.026479999985895
2019-12-01 20:00:00,2.026479999985895
2019-12-01 21:00:00,2.026479999985895
2019-12-01 22:00:00,2.026479999985895
2019-12-01 23:00:00,2.0531199999823
2019-01-13 00:00:00,2.0263999999588123
2019-01-13 01:00:00,2.026479999985895
2019-01-13 02:00:00,2.026479999985895
2019-01-13 03:00:00,2.0264800000586547
2019-01-13 06:00:00,2.0531199999823
2019-01-13 07:00:00,2.0531199999823
2019-01-13 08:00:00,2.026479999985895
2019-01-13 09:00:00,2.026479999985895
2019-01-13 10:00:00,2.026479999985895
2019-01-13 11:00:00,2.0531199999823
2019-01-13 12:00:00,2.026479999985895
2019-01-13 14:00:00,2.0264800000586547
2019-01-13 15:00:00,2.026479999985895
2019-01-13 17:00:00,2.026479999985895
2019-01-13 19:00:00,2.026479999985895
2019-01-13 20:00:00,1.9997600000351667
2019-01-13 21:00:00,2.026479999985895
2019-01-13 22:00:00,1.9997600000351667
2019-01-13 23:00:00,1.9997600000351667
2019-01-14 00:00:00,1.9731200000387616
2019-01-14 01:00:00,1.9731200000387616
2019-01-14 02:00:00,1.99983999998949
2019-01-14 03:00:00,2.0263999999588123
2019-01-14 06:00:00,2.0264800000586547
2019-01-14 07:00:00,3.5195999999996275
2019-01-14 08:00:00,3.599679999970249
2019-01-14 09:00:00,3.839679999946384
2019-01-14 10:00:00,3.839679999946384
2019-01-14 13:00:00,3.839599999992061
2019-01-14 14:00:00,3.839599999992061
2019-01-14 15:00:00,4.05296000004455
2019-01-14 17:00:00,4.05296000004455
2019-01-14 18:00:00,2.9863999999361117
2019-01-14 21:00:00,0.9865600000193808
2019-01-14 23:00:00,0.9865600000193808
2019-01-15 03:00:00,0.9865600000193808
2019-01-15 09:00:00,0.9866400000464636
2019-01-15 13:00:00,2.693120000039926
2019-01-15 15:00:00,2.9597600000124658
2019-01-15 16:00:00,3.626319999966654
2019-01-15 20:00:00,3.626319999966654
2019-01-16 09:00:00,3.4395999999833293
2019-01-16 12:00:00,3.1996800000342773
2019-12-02 11:00:00,0.0003027412814154
2019-12-02 12:00:00,1.7331199999898672
2019-12-02 13:00:00,3.3329600000433857
2019-02-13 12:00:00,3.3596000000397908
2019-02-13 14:00:00,3.3329600000433857
2019-02-13 15:00:00,3.332959999970626
2019-02-13 17:00:00,3.2264000000577653
2019-02-14 16:00:00,3.332959999970626
2019-02-14 17:00:00,3.2263999999850057
2019-02-16 14:00:00,3.2263999999850057
2019-02-16 17:00:00,1.3599200000317069
2019-02-17 15:00:00,1.3599200000317069
2019-02-17 20:00:00,1.3865599999553524
2019-02-18 11:00:00,1.3865599999553524
2019-02-18 13:00:00,3.1729600000107894
2019-02-19 09:00:00,3.279599999950733
2019-02-19 14:00:00,3.279599999950733
2019-02-19 15:00:00,3.386319999990519
2019-02-19 18:00:00,3.439600000056089
2019-02-19 19:00:00,3.439600000056089
2019-02-19 20:00:00,3.359679999994114
2019-02-20 09:00:00,3.1730399999651127
2019-02-20 15:00:00,3.146400000041467
2019-02-20 17:00:00,3.146400000041467
2019-02-20 20:00:00,3.146400000041467
2019-02-22 00:00:00,0.9332799999538112
2019-02-22 18:00:00,3.0930399999488145
2019-02-23 20:00:00,1.386560000028112
2019-02-24 07:00:00,1.439920000048005
2019-02-24 08:00:00,1.4131999999517575
2019-02-24 16:00:00,1.4131999999517575
2019-02-25 14:00:00,1.4131999999517575
2019-02-25 15:00:00,3.332959999970626
2019-02-25 17:00:00,3.332959999970626
2019-02-25 18:00:00,3.2530400000541704
2019-02-26 19:00:00,3.1463199999416247
2019-02-27 14:00:00,3.0930399999488145
2019-02-28 09:00:00,3.0930399999488145
2019-02-28 10:00:00,3.546319999950356
2019-01-03 18:00:00,3.546319999950356
2019-01-03 23:00:00,0.9332800000265706
2019-02-03 07:00:00,0.9599200000229756
2019-02-03 08:00:00,0.9599200000229756
2019-02-03 10:00:00,0.9865599999466212
2019-02-03 12:00:00,0.9865599999466212
2019-02-03 13:00:00,0.9599200000229756
2019-02-03 14:00:00,0.9332800000265706
2019-02-03 19:00:00,0.9332800000265706
2019-02-03 20:00:00,0.9332800000265706
2019-02-03 22:00:00,0.9331999999994878
2019-03-03 10:00:00,0.9331999999994878
2019-03-03 11:00:00,0.9331999999994878
2019-03-03 13:00:00,0.9332799999538112
2019-03-03 15:00:00,0.9332799999538112
2019-03-03 17:00:00,0.9332799999538112
2019-03-03 20:00:00,0.9332800000265706
2019-03-03 21:00:00,0.9331999999994878
2019-03-03 22:00:00,0.9332799999538112
2019-03-03 23:00:00,0.9331999999994878
2019-04-03 00:00:00,0.9332799999538112
2019-04-03 08:00:00,0.9332800000265706
2019-04-03 18:00:00,2.613119999950868
2019-04-03 21:00:00,2.613119999950868
2019-05-03 00:00:00,1.093280000059167
2019-05-03 08:00:00,1.093280000059167
2019-05-03 09:00:00,2.7196799999364885
2019-05-03 16:00:00,2.799760000052629
2019-05-03 20:00:00,2.799760000052629
2019-05-03 21:00:00,0.9866400000464636
2019-06-03 05:00:00,1.0132799999701092
2019-06-03 08:00:00,1.0132799999701092
2019-06-03 09:00:00,2.7197599999635718
2019-06-03 12:00:00,2.7197599999635718
2019-06-03 16:00:00,2.7197599999635718
2019-06-03 21:00:00,2.533039999980246
2019-08-03 05:00:00,0.9332799999538112
2019-08-03 06:00:00,1.2531999999919208
2019-08-03 07:00:00,2.5330400000530062
2019-08-03 16:00:00,2.6931199999671662
2019-08-03 23:00:00,2.6931199999671662
2019-09-03 06:00:00,1.3065599999390545
2019-09-03 12:00:00,1.2532800000190036
2019-09-03 15:00:00,1.2532800000190036
2019-09-03 16:00:00,1.2532800000190036
2019-09-03 19:00:00,1.2532800000190036
2019-10-03 00:00:00,1.2531999999919208
2019-10-03 01:00:00,1.2531999999919208
2019-10-03 04:00:00,1.2531999999919208
2019-10-03 05:00:00,1.2532000000646804
2019-10-03 07:00:00,1.2532000000646804
2019-10-03 08:00:00,1.253279999946244
2019-10-03 09:00:00,1.2531999999919208
2019-10-03 17:00:00,1.2532000000646804
2019-10-03 18:00:00,1.2531999999919208
2019-11-03 01:00:00,1.2532000000646804
2019-11-03 06:00:00,1.2799200000154087
2019-11-03 07:00:00,2.773039999956381
2019-11-03 15:00:00,2.8530400000454392
2019-11-03 17:00:00,3.253039999981411
2019-11-03 19:00:00,3.253039999981411
2019-11-03 20:00:00,3.173040000037872
2019-12-03 14:00:00,2.959679999985383
2019-12-03 16:00:00,2.959679999985383
2019-03-13 02:00:00,2.959679999985383
2019-03-13 15:00:00,3.1996799999615178
2019-03-13 18:00:00,0.3199200000381097
2019-03-13 20:00:00,3.1996799999615178
2019-03-14 06:00:00,2.8263999999762746
2019-03-14 10:00:00,3.1197599999723025
2019-03-14 11:00:00,3.012959999978193
2019-03-14 18:00:00,3.1197599999723025
2019-03-15 03:00:00,3.012959999978193
2019-03-15 05:00:00,1.2799200000154087
2019-03-15 06:00:00,1.2799200000154087
2019-03-15 11:00:00,2.799680000025546
2019-03-15 12:00:00,3.119760000045062
2019-03-16 04:00:00,3.119760000045062
2019-03-16 07:00:00,1.2265599999955157
2019-03-16 15:00:00,1.2265600000682753
2019-03-17 02:00:00,1.2532000000646804
2019-03-17 05:00:00,1.2798400000610854
2019-03-17 06:00:00,1.2799199999426492
2019-03-17 07:00:00,1.2799199999426492
2019-03-17 12:00:00,1.2799199999426492
2019-03-17 14:00:00,1.2264800000411924
2019-03-17 19:00:00,1.2264800000411924
2019-03-18 08:00:00,1.2799200000154087
2019-03-18 22:00:00,1.2799200000154087
2019-03-19 00:00:00,1.2798400000610854
2019-03-19 01:00:00,1.2798400000610854
2019-03-19 02:00:00,1.2799200000154087
2019-03-19 06:00:00,1.3065599999390545
2019-03-19 08:00:00,2.799760000052629
2019-03-19 19:00:00,2.8531199999997625
2019-03-21 00:00:00,2.8531199999997625
2019-03-21 05:00:00,1.3065599999390545
2019-03-21 06:00:00,1.3065599999390545
2019-03-21 11:00:00,2.826400000049034
2019-03-22 00:00:00,2.826400000049034
2019-03-22 12:00:00,2.986400000008871
2019-03-22 21:00:00,1.2799200000154087
2019-03-23 06:00:00,1.3065600000118138
2019-03-23 13:00:00,1.2532000000646804
2019-03-23 18:00:00,1.2264800000411924
2019-03-24 11:00:00,1.2264799999684328
2019-03-24 13:00:00,1.2264799999684328
2019-03-24 17:00:00,1.2264799999684328
2019-03-24 23:00:00,1.2265600000682753
2019-03-25 00:00:00,1.2265600000682753
2019-03-25 04:00:00,1.2532800000190036
2019-03-25 09:00:00,1.2799200000154087
2019-03-25 12:00:00,2.986319999981788
2019-03-25 14:00:00,3.2796800000505755
2019-03-25 18:00:00,3.2796800000505755
2019-03-26 20:00:00,3.092960000067251
2019-03-27 13:00:00,3.092960000067251
2019-03-27 14:00:00,3.5996000000159256
2019-03-27 18:00:00,3.5996000000159256
2019-03-29 07:00:00,3.3863999999448424
2019-03-29 09:00:00,3.3596800000668736
2019-03-29 13:00:00,3.2264000000577653
2019-03-29 16:00:00,3.092960000067251
2019-03-30 15:00:00,2.9597600000124658
2019-03-30 16:00:00,1.1732000000483822
2019-03-31 16:00:00,1.1731999999756226
2019-03-31 17:00:00,1.1465600000519771
2019-03-31 18:00:00,1.1465600000519771
2019-01-04 10:00:00,1.1465600000519771
2019-01-04 14:00:00,2.986320000054548
2019-01-04 15:00:00,3.3063999999285443
2019-02-04 10:00:00,3.3063999999285443
2019-02-04 13:00:00,3.0663200000708457
2019-02-04 17:00:00,3.039760000028764
2019-02-04 18:00:00,2.719760000036331
2019-03-04 22:00:00,2.693039999940084
2019-04-04 06:00:00,2.693039999940084
2019-05-04 06:00:00,2.7463999999599764
2019-06-04 06:00:00,2.7463999999599764
2019-07-04 10:00:00,1.4399199999752454
2019-07-04 16:00:00,1.3865599999553524
2019-07-04 17:00:00,1.306479999984731
2019-08-04 17:00:00,1.306479999984731
2019-09-04 06:00:00,2.399760000043898
2019-09-04 09:00:00,2.533039999980246
2019-09-04 11:00:00,2.453119999991032
2019-09-04 12:00:00,2.506400000056601
2019-09-04 14:00:00,2.506400000056601
2019-09-04 17:00:00,2.63967999999295
2019-10-04 13:00:00,2.63967999999295
2019-10-04 19:00:00,2.5063999999838416
2019-11-04 07:00:00,2.5063999999838416
2019-11-04 11:00:00,2.63967999999295
2019-11-04 14:00:00,2.63967999999295
2019-11-04 15:00:00,2.63967999999295
2019-11-04 16:00:00,2.639759999947273
2019-11-04 19:00:00,2.639759999947273
2019-11-04 23:00:00,2.4797599999874365
2019-12-04 08:00:00,2.4797599999874365
2019-12-04 09:00:00,2.533039999980246
2019-12-04 10:00:00,2.639680000065709
2019-12-04 12:00:00,2.719760000036331
2019-12-04 14:00:00,2.639680000065709
2019-12-04 18:00:00,2.533120000007329
2019-12-04 19:00:00,2.533039999980246
2019-12-04 20:00:00,2.533039999980246
2019-04-13 02:00:00,2.4264799999946263
2019-04-13 07:00:00,1.0132799999701092
2019-04-13 08:00:00,1.0132799999701092
2019-04-13 09:00:00,1.013200000015786
2019-04-13 11:00:00,1.0132800000428688
2019-04-13 12:00:00,1.0132800000428688
2019-04-14 06:00:00,1.0398399999394314
2019-04-14 10:00:00,1.0398399999394314
2019-04-14 17:00:00,1.0132800000428688
2019-04-14 20:00:00,0.9599200000229756
2019-04-14 21:00:00,0.9599200000229756
2019-04-14 23:00:00,0.9865599999466212
2019-04-15 00:00:00,0.9865599999466212
2019-04-15 06:00:00,0.9866400000464636
2019-04-15 13:00:00,2.453040000036708
2019-04-16 09:00:00,2.613120000023628
2019-04-16 10:00:00,2.7197599999635718
2019-04-16 11:00:00,2.613120000023628
2019-04-16 12:00:00,2.8263200000219517
2019-04-16 22:00:00,2.613119999950868
2019-04-17 01:00:00,1.2532800000190036
2019-04-17 02:00:00,1.253279999946244
2019-04-17 06:00:00,1.253279999946244
2019-04-17 11:00:00,2.7197599999635718
2019-04-17 14:00:00,3.306400000001304
2019-04-17 16:00:00,3.4930399999575457
2019-04-17 21:00:00,1.2264799999684328
2019-04-17 23:00:00,1.2264799999684328
2019-04-18 00:00:00,1.2264799999684328
2019-04-18 03:00:00,1.2532000000646804
2019-04-18 05:00:00,1.2532000000646804
2019-04-18 07:00:00,1.3064800000574903
2019-04-18 08:00:00,2.7731199999834644
2019-04-18 15:00:00,2.7731199999834644
2019-04-18 20:00:00,2.773039999956381
2019-04-18 23:00:00,2.6663999999436783
2019-04-19 09:00:00,1.3599200000317069
2019-04-19 10:00:00,1.3331999999354591
2019-04-19 15:00:00,1.306479999984731
2019-04-19 16:00:00,1.1465600000519771
2019-04-19 18:00:00,1.1465599999792175
2019-04-19 19:00:00,1.1199199999828124
2019-04-19 20:00:00,1.1198400000284892
2019-04-20 07:00:00,1.1199199999828124
2019-04-20 11:00:00,1.1732000000483822
2019-04-20 13:00:00,1.1732000000483822
2019-04-20 14:00:00,1.146479999952135
2019-04-20 17:00:00,1.119920000055572
2019-04-21 04:00:00,1.119920000055572
2019-04-21 09:00:00,1.3598399999318644
2019-04-21 10:00:00,1.3598399999318644
2019-04-21 13:00:00,1.2265600000682753
2019-04-21 14:00:00,1.1464800000248945
2019-04-21 17:00:00,1.1199199999828124
2019-04-21 19:00:00,1.1199199999828124
2019-04-21 20:00:00,1.1198399999557296
2019-04-21 22:00:00,1.119920000055572
2019-04-22 13:00:00,1.1198400000284892
2019-04-22 15:00:00,1.119920000055572
2019-04-22 18:00:00,1.119920000055572
2019-04-22 22:00:00,1.119920000055572
2019-04-22 23:00:00,1.146479999952135
2019-04-23 03:00:00,1.1732800000027055
2019-04-23 06:00:00,1.3331999999354591
2019-04-23 07:00:00,2.799759999979869
2019-04-23 14:00:00,2.799759999979869
2019-04-24 06:00:00,2.773040000029141
2019-04-24 15:00:00,2.773040000029141
2019-04-24 16:00:00,2.773040000029141
2019-04-24 17:00:00,2.773039999956381
2019-04-24 21:00:00,2.6397600000200327
2019-04-25 02:00:00,1.2532800000190036
2019-04-25 06:00:00,1.2532800000190036
2019-04-25 08:00:00,2.693040000012843
2019-04-25 10:00:00,2.7731199999834644
2019-04-25 13:00:00,2.7731199999834644
2019-04-25 14:00:00,2.7731199999834644
2019-04-25 18:00:00,2.7731199999834644
2019-04-26 09:00:00,2.826319999949192
2019-04-26 11:00:00,3.039760000028764
2019-04-26 19:00:00,3.039760000028764
2019-04-27 13:00:00,2.826400000049034
2019-04-28 09:00:00,1.4131199999974342
2019-04-28 15:00:00,1.3599199999589473
2019-04-28 21:00:00,1.3599199999589473
2019-04-29 06:00:00,1.3599199999589473
2019-04-29 17:00:00,2.8531199999997625
2019-04-30 08:00:00,2.8531199999997625
2019-04-05 04:00:00,2.8530400000454392
2019-04-05 09:00:00,1.0932799999864071
2019-04-05 10:00:00,1.0932799999864071
2019-04-05 16:00:00,1.0932799999864071
2019-05-05 11:00:00,1.093200000032084
2019-05-05 13:00:00,0.9599200000229756
2019-05-05 14:00:00,0.9599199999502162
2019-05-05 16:00:00,0.9599199999502162
2019-05-05 18:00:00,0.9599199999502162
2019-06-05 16:00:00,0.9865600000193808
2019-06-05 17:00:00,2.719680000009248
2019-06-05 18:00:00,2.9330400000617374
2019-07-05 06:00:00,2.9330400000617374
2019-07-05 16:00:00,2.586479999954463
2019-07-05 20:00:00,2.506400000056601
2019-08-05 09:00:00,2.453119999991032
2019-08-05 15:00:00,2.453119999991032
2019-08-05 17:00:00,2.613120000023628
2019-09-05 02:00:00,2.613120000023628
2019-09-05 13:00:00,2.479680000033113
2019-09-05 16:00:00,2.479680000033113
2019-09-05 19:00:00,2.506400000056601
2019-10-05 12:00:00,2.5064800000109244
2019-11-05 06:00:00,2.506400000056601
2019-11-05 09:00:00,1.093200000032084
2019-11-05 10:00:00,1.093200000032084
2019-11-05 12:00:00,1.0132799999701092
2019-11-05 13:00:00,0.9865599999466212
2019-12-05 07:00:00,1.0132799999701092
2019-12-05 08:00:00,1.0931999999593245
2019-12-05 11:00:00,1.0931999999593245
2019-05-13 07:00:00,1.1198400000284892
2019-05-13 10:00:00,2.506400000056601
2019-05-14 11:00:00,2.5596800000494118
2019-05-14 12:00:00,3.3863999999448424
2019-05-14 13:00:00,3.6262400000123303
2019-05-15 10:00:00,3.3863999999448424
2019-05-15 15:00:00,3.599599999943166
2019-05-16 01:00:00,3.11967999994522
2019-05-16 04:00:00,1.5465600000607085
2019-05-17 17:00:00,1.5465600000607085
2019-05-18 01:00:00,1.5465600000607085
2019-05-18 06:00:00,1.4664799999445677
2019-05-18 08:00:00,1.4399199999752454
2019-05-19 13:00:00,1.4399199999752454
2019-05-19 15:00:00,1.2799199999426492
2019-05-20 13:00:00,1.2799199999426492
2019-05-21 07:00:00,2.799760000052629
2019-05-21 20:00:00,3.0130399999325164
2019-05-21 21:00:00,2.799760000052629
2019-05-21 22:00:00,1.813200000033248
2019-05-21 23:00:00,1.7864800000097605
2019-05-22 00:00:00,1.7864800000097605
2019-05-22 01:00:00,1.7864800000097605
2019-05-22 02:00:00,1.7864800000097605
2019-05-22 03:00:00,1.7864800000097605
2019-05-22 04:00:00,1.7864800000097605
2019-05-22 05:00:00,1.7864800000097605
2019-05-22 06:00:00,1.813200000033248
2019-05-22 07:00:00,3.2263200000306824
2019-05-23 13:00:00,3.2263200000306824
2019-05-23 16:00:00,3.306319999974221
2019-05-24 06:00:00,2.8263200000219517
2019-05-25 14:00:00,2.799759999979869
2019-05-25 17:00:00,1.1732800000027055
2019-05-25 19:00:00,1.1732000000483822
2019-05-25 20:00:00,1.1732000000483822
2019-05-26 04:00:00,1.1732000000483822
2019-05-26 10:00:00,1.1465600000519771
2019-05-26 14:00:00,1.1465600000519771
2019-05-26 16:00:00,1.1464800000248945
2019-05-26 19:00:00,1.1464800000248945
2019-05-26 20:00:00,1.1465599999792175
2019-05-27 11:00:00,1.1465600000519771
2019-05-27 12:00:00,2.7196799999364885
2019-05-27 16:00:00,2.9597600000124658
2019-05-28 05:00:00,2.9597600000124658
2019-05-28 14:00:00,2.9064000000653323
2019-05-28 17:00:00,2.8531199999997625
2019-05-28 20:00:00,2.8531199999997625
2019-05-28 21:00:00,2.4263999999675434
2019-05-29 19:00:00,2.4263999999675434
2019-05-30 10:00:00,1.1732800000027055
2019-05-30 17:00:00,1.1732000000483822
2019-05-31 19:00:00,1.1732000000483822
2019-01-06 07:00:00,1.279839999988326
2019-01-06 11:00:00,1.279839999988326
2019-01-06 12:00:00,1.093200000032084
2019-01-06 13:00:00,1.093200000032084
2019-01-06 16:00:00,1.0931999999593245
2019-01-06 17:00:00,1.0932799999864071
2019-01-06 19:00:00,1.0931999999593245
2019-01-06 20:00:00,1.093200000032084
2019-01-06 21:00:00,1.093200000032084
2019-02-06 00:00:00,1.093200000032084
2019-02-06 04:00:00,1.0932799999864071
2019-02-06 13:00:00,1.093200000032084
2019-02-06 18:00:00,1.066560000035679
2019-02-06 23:00:00,1.066560000035679
2019-03-06 04:00:00,1.0932799999864071
2019-03-06 06:00:00,1.1731999999756226
2019-03-06 09:00:00,2.613119999950868
2019-04-06 00:00:00,2.613119999950868
2019-04-06 05:00:00,1.3599200000317069
2019-04-06 09:00:00,1.3599200000317069
2019-04-06 12:00:00,2.266399999934947
2019-04-06 13:00:00,2.773120000056224
2019-04-06 23:00:00,2.266399999934947
2019-05-06 01:00:00,1.1998400000447873
2019-05-06 03:00:00,1.1998400000447873
2019-05-06 04:00:00,1.1999199999991106
2019-05-06 10:00:00,1.2264799999684328
2019-05-06 11:00:00,2.7731199999834644
2019-06-06 05:00:00,2.7731199999834644
2019-06-06 15:00:00,2.7731199999834644
2019-07-06 15:00:00,2.693120000039926
2019-08-06 06:00:00,2.693120000039926
2019-08-06 08:00:00,1.279839999988326
2019-08-06 18:00:00,1.2265599999955157
2019-09-06 02:00:00,1.2265599999955157
2019-09-06 12:00:00,1.1465600000519771
2019-09-06 13:00:00,1.1464800000248945
2019-10-06 07:00:00,1.1464800000248945
2019-10-06 11:00:00,1.1998400000447873
2019-10-06 12:00:00,1.1998400000447873
2019-10-06 15:00:00,1.1732800000027055
2019-10-06 18:00:00,1.1732800000027055
2019-11-06 07:00:00,1.1999200000718702
2019-11-06 12:00:00,2.746320000005653
2019-11-06 20:00:00,2.746320000005653
2019-11-06 22:00:00,2.7197599999635718
2019-06-13 01:00:00,0.8266399999411078
2019-06-13 07:00:00,1.2799200000154087
2019-06-13 08:00:00,2.37304000002041
2019-06-13 09:00:00,2.37304000002041
2019-06-13 16:00:00,2.37304000002041
2019-06-13 18:00:00,2.26647999996203
2019-06-13 22:00:00,0.7732000000396511
2019-06-14 09:00:00,2.1864800000184914
2019-06-15 08:00:00,0.8532800000102725
2019-06-15 09:00:00,0.7732799999939743
2019-06-15 10:00:00,0.7732799999939743
2019-06-15 11:00:00,0.7732799999939743
2019-06-15 13:00:00,0.7732799999939743
2019-06-15 14:00:00,0.7999199999903794
2019-06-15 15:00:00,0.7732799999939743
2019-06-15 16:00:00,0.7732799999939743
2019-06-15 18:00:00,0.7732799999939743
2019-06-15 23:00:00,0.7732799999939743
2019-06-16 11:00:00,0.799920000063139
2019-06-16 19:00:00,0.799920000063139
2019-06-17 10:00:00,0.799920000063139
2019-06-17 11:00:00,2.2398400000383845
2019-06-17 12:00:00,2.2398400000383845
2019-06-17 14:00:00,2.239759999938542
2019-06-17 15:00:00,2.239759999938542
2019-06-17 20:00:00,2.2131200000148965
2019-06-17 21:00:00,0.7731999999668915
2019-06-18 01:00:00,0.799920000063139
2019-06-18 07:00:00,0.799920000063139
2019-06-18 08:00:00,2.3730399999476504
2019-06-18 10:00:00,2.426480000067386
2019-06-18 17:00:00,2.3730399999476504
2019-06-19 03:00:00,0.7732800000667339
2019-06-19 04:00:00,0.8532799999375129
2019-06-19 10:00:00,0.8532799999375129
2019-06-19 14:00:00,2.213119999942137
2019-06-20 09:00:00,0.7732800000667339
2019-06-20 10:00:00,0.7731999999668915
2019-06-20 11:00:00,0.7732799999939743
2019-06-20 12:00:00,0.7732799999939743
2019-06-20 13:00:00,0.7732799999939743
2019-06-20 16:00:00,0.7732799999939743
2019-06-20 17:00:00,0.7731999999668915
2019-06-20 19:00:00,0.7732799999939743
2019-06-20 20:00:00,0.7732799999939743
2019-06-21 02:00:00,0.7732800000667339
2019-06-21 07:00:00,0.799920000063139
2019-06-21 09:00:00,2.2664800000347896
2019-06-21 10:00:00,2.3463999999512453
2019-06-21 12:00:00,2.3197600000276
2019-06-21 14:00:00,2.3197600000276
2019-06-21 17:00:00,2.3197600000276
2019-06-22 00:00:00,0.7732800000667339
2019-06-22 09:00:00,0.8266399999411078
2019-06-22 15:00:00,0.7732800000667339
2019-06-22 17:00:00,0.7732799999939743
2019-06-22 19:00:00,0.7732799999939743
2019-06-23 07:00:00,0.7732799999939743
2019-06-23 08:00:00,0.9331999999994878
2019-06-23 11:00:00,0.9331999999994878
2019-06-23 12:00:00,0.7732800000667339
2019-06-23 14:00:00,0.7732799999939743
2019-06-23 17:00:00,0.7732799999939743
2019-06-23 18:00:00,0.7732799999939743
2019-06-24 04:00:00,0.7732800000667339
2019-06-24 10:00:00,0.8265600000595441
2019-06-24 12:00:00,2.2664000000077067
2019-06-24 15:00:00,2.2664000000077067
2019-06-24 16:00:00,2.2131200000148965
2019-06-24 19:00:00,2.213119999942137
2019-06-24 22:00:00,0.7731999999668915
2019-06-25 09:00:00,2.1331199999985984
2019-06-25 10:00:00,2.2664000000077067
2019-06-25 11:00:00,2.2664000000077067
2019-06-25 12:00:00,2.1863999999914085
2019-06-25 13:00:00,2.1863999999914085
2019-06-25 14:00:00,2.293119999958435
2019-06-26 06:00:00,2.293119999958435
2019-06-26 08:00:00,2.2664000000077067
2019-06-26 09:00:00,2.2397600000113016
2019-06-26 10:00:00,2.2664000000077067
2019-06-26 11:00:00,2.4264799999946263
2019-06-26 12:00:00,2.4264799999946263
2019-06-26 13:00:00,2.213040000060573
2019-06-27 04:00:00,0.7465599999704864
2019-06-27 06:00:00,2.1331199999985984
2019-06-27 07:00:00,2.1331199999985984
2019-06-27 08:00:00,2.1863999999914085
2019-06-27 13:00:00,2.2131200000148965
2019-06-27 15:00:00,2.346400000024005
2019-06-27 22:00:00,0.8265600000595441
2019-06-28 08:00:00,2.346400000024005
2019-06-28 09:00:00,2.346480000051088
2019-06-28 10:00:00,2.346480000051088
2019-06-28 11:00:00,2.3197600000276
2019-06-28 13:00:00,2.1864800000184914
2019-06-28 14:00:00,2.293120000031194
2019-06-28 15:00:00,2.1597599999950035
2019-06-28 16:00:00,2.1598400000220863
2019-06-28 17:00:00,2.1598400000220863
2019-06-28 22:00:00,2.1598400000220863
2019-06-29 01:00:00,0.7731999999668915
2019-06-29 13:00:00,0.7732000000396511
2019-06-29 15:00:00,0.7731999999668915
2019-06-29 16:00:00,0.7731999999668915
2019-06-29 19:00:00,0.7731999999668915
2019-06-30 06:00:00,0.7732000000396511
2019-06-30 07:00:00,0.7999199999903794
2019-06-30 08:00:00,0.7999199999903794
2019-01-07 03:00:00,0.7999199999903794
2019-01-07 11:00:00,0.799920000063139
2019-01-07 12:00:00,2.2397600000113016
2019-01-07 14:00:00,2.2397600000113016
2019-01-07 16:00:00,2.2397600000113016
2019-01-07 17:00:00,2.2664000000077067
2019-02-07 00:00:00,0.7732000000396511
2019-02-07 06:00:00,2.2664000000077067
2019-02-07 13:00:00,2.2664800000347896
2019-02-07 14:00:00,2.453040000036708
2019-02-07 15:00:00,2.5063999999838416
2019-02-07 16:00:00,2.453040000036708
2019-02-07 19:00:00,2.4264799999946263
2019-03-07 03:00:00,2.2664000000077067
2019-03-07 09:00:00,2.2664000000077067
2019-03-07 19:00:00,2.453040000036708
2019-03-07 20:00:00,2.693040000012843
2019-04-07 01:00:00,2.693040000012843
2019-04-07 16:00:00,2.693040000012843
2019-04-07 19:00:00,2.693120000039926
2019-05-07 21:00:00,2.693120000039926
2019-06-07 06:00:00,1.386560000028112
2019-06-07 13:00:00,1.2798400000610854
2019-06-07 20:00:00,1.2798400000610854
2019-07-07 03:00:00,1.2264800000411924
2019-07-07 07:00:00,1.2264800000411924
2019-07-07 10:00:00,1.2264800000411924
2019-07-07 18:00:00,1.2265600000682753
2019-07-07 20:00:00,1.2264800000411924
2019-08-07 17:00:00,1.2265600000682753
2019-09-07 10:00:00,2.9064000000653323
2019-10-07 13:00:00,3.119760000045062
2019-10-07 14:00:00,3.119760000045062
2019-10-07 15:00:00,2.9064000000653323
2019-10-07 16:00:00,2.826319999949192
2019-10-07 20:00:00,2.6663999999436783
2019-11-07 00:00:00,2.6663999999436783
2019-11-07 01:00:00,1.3599200000317069
2019-11-07 07:00:00,1.3599200000317069
2019-11-07 08:00:00,2.879760000068927
2019-11-07 16:00:00,2.959759999939706
2019-12-07 07:00:00,2.959759999939706
2019-12-07 11:00:00,2.959759999939706
2019-12-07 14:00:00,3.0929599999944912
2019-12-07 18:00:00,3.0929599999944912
2019-12-07 23:00:00,0.8798400000523543
2019-07-13 02:00:00,0.9066400000301656
2019-07-13 06:00:00,0.9066400000301656
2019-07-13 07:00:00,0.9599199999502162
2019-07-13 09:00:00,0.9599200000229756
2019-07-13 11:00:00,0.9599199999502162
2019-07-13 12:00:00,0.9598400000686524
2019-07-13 14:00:00,0.8532799999375129
2019-07-14 10:00:00,0.8532799999375129
2019-07-14 11:00:00,0.9599199999502162
2019-07-14 13:00:00,0.9599199999502162
2019-07-14 15:00:00,0.9598399999958928
2019-07-14 16:00:00,0.879919999933918
2019-07-14 22:00:00,0.879919999933918
2019-07-15 01:00:00,0.9066400000301656
2019-07-15 09:00:00,0.9599199999502162
2019-07-15 11:00:00,2.2664800000347896
2019-07-15 12:00:00,2.2664800000347896
2019-07-16 01:00:00,2.2664000000077067
2019-07-16 09:00:00,2.2664000000077067
2019-07-16 11:00:00,2.293040000004112
2019-07-16 13:00:00,2.3198400000546826
2019-07-16 15:00:00,2.3198400000546826
2019-07-16 16:00:00,2.426400000040303
2019-07-16 17:00:00,2.426400000040303
2019-07-16 20:00:00,2.373119999974733
2019-07-16 21:00:00,0.026639999996405
2019-07-16 22:00:00,0.6399200000305427
2019-07-17 07:00:00,0.6399200000305427
2019-07-17 08:00:00,2.479760000060196
2019-07-17 09:00:00,2.506400000056601
2019-07-18 01:00:00,2.506400000056601
2019-07-18 09:00:00,2.506400000056601
2019-07-18 16:00:00,2.826400000049034
2019-07-19 09:00:00,2.986320000054548
2019-07-19 10:00:00,3.066400000025169
2019-07-19 16:00:00,3.066400000025169
2019-07-19 20:00:00,2.63967999999295
2019-07-20 12:00:00,2.5330400000530062
2019-07-20 22:00:00,1.2264800000411924
2019-07-21 06:00:00,1.2264800000411924
2019-07-21 19:00:00,1.2264800000411924
2019-07-21 20:00:00,1.2265600000682753
2019-07-22 19:00:00,1.2265600000682753
2019-07-23 07:00:00,2.1598400000220863
2019-07-23 08:00:00,2.2397600000113016
2019-07-23 10:00:00,2.453040000036708
2019-07-23 11:00:00,2.4264799999946263
2019-07-23 12:00:00,2.4264799999946263
2019-07-23 13:00:00,2.293040000004112
2019-07-23 17:00:00,2.239839999965625
2019-07-23 20:00:00,2.1331199999985984
2019-07-24 06:00:00,2.1331199999985984
2019-07-24 07:00:00,2.239759999938542
2019-07-24 08:00:00,2.239759999938542
2019-07-24 10:00:00,2.239759999938542
2019-07-24 12:00:00,2.2398400000383845
2019-07-24 15:00:00,2.266399999934947
2019-07-24 20:00:00,2.2398400000383845
2019-07-25 06:00:00,2.186400000064168
2019-07-25 10:00:00,2.05312000005506
2019-07-25 13:00:00,2.186400000064168
2019-07-25 17:00:00,2.26647999996203
2019-07-25 19:00:00,2.3997599999711383
2019-07-26 01:00:00,0.7732000000396511
2019-07-26 05:00:00,0.8798399999795947
2019-07-26 07:00:00,0.8798399999795947
2019-07-26 09:00:00,2.1864800000184914
2019-07-26 10:00:00,2.31975999995484
2019-07-26 11:00:00,2.31975999995484
2019-07-26 12:00:00,2.26647999996203
2019-07-26 13:00:00,2.26647999996203
2019-07-26 14:00:00,2.1863999999914085
2019-07-26 15:00:00,2.1597599999950035
2019-07-26 16:00:00,2.1597599999950035
2019-07-26 18:00:00,2.1597599999950035
2019-07-26 19:00:00,2.1597599999950035
2019-07-26 23:00:00,0.7732000000396511
2019-07-27 06:00:00,0.7732000000396511
2019-07-27 09:00:00,0.7731999999668915
2019-07-27 10:00:00,0.7731999999668915
2019-07-27 15:00:00,0.7731999999668915
2019-07-27 18:00:00,0.7732000000396511
2019-07-28 09:00:00,0.7732000000396511
2019-07-28 12:00:00,0.7999199999903794
2019-07-28 14:00:00,0.7999199999903794
2019-07-29 07:00:00,0.799920000063139
2019-07-29 08:00:00,2.26647999996203
2019-07-29 14:00:00,2.346400000024005
2019-07-29 20:00:00,2.346400000024005
2019-07-30 08:00:00,2.2130399999878136
2019-07-30 09:00:00,2.2130399999878136
2019-07-30 11:00:00,2.2664000000077067
2019-07-30 12:00:00,2.2664000000077067
2019-07-30 18:00:00,2.2664000000077067
2019-07-30 20:00:00,2.186479999945732
2019-07-31 00:00:00,1.99983999998949
2019-07-31 06:00:00,1.99983999998949
2019-07-31 07:00:00,2.213040000060573
2019-07-31 10:00:00,2.239839999965625
2019-07-31 13:00:00,2.2131200000148965
2019-07-31 18:00:00,2.2398400000383845
2019-07-31 20:00:00,2.2131200000148965
2019-01-08 20:00:00,2.079760000051465
2019-01-08 21:00:00,1.9998400000622496
2019-02-08 12:00:00,2.079760000051465
2019-02-08 14:00:00,2.239839999965625
2019-02-08 18:00:00,2.4263999999675434
2019-02-08 20:00:00,2.4263999999675434
2019-03-08 07:00:00,1.946479999969597
2019-03-08 10:00:00,0.8531999999831896
2019-03-08 18:00:00,0.8265600000595441
2019-05-08 05:00:00,0.8265600000595441
2019-05-08 08:00:00,1.1732800000027055
2019-06-08 08:00:00,2.266399999934947
2019-06-08 09:00:00,2.373119999974733
2019-06-08 10:00:00,2.373120000047493
2019-06-08 18:00:00,2.399760000043898
2019-07-08 07:00:00,2.399760000043898
2019-07-08 09:00:00,2.239759999938542
2019-07-08 11:00:00,2.239759999938542
2019-07-08 17:00:00,2.719680000009248
2019-07-08 20:00:00,2.719680000009248
2019-08-08 01:00:00,1.8131200000061651
2019-08-08 05:00:00,1.6265600000042468
2019-08-08 12:00:00,1.6265600000042468
2019-09-08 05:00:00,1.8931200000224635
2019-09-08 11:00:00,2.31975999995484
2019-09-08 14:00:00,2.31975999995484
2019-10-08 07:00:00,0.799920000063139
2019-10-08 15:00:00,0.799920000063139
2019-11-08 00:00:00,0.799920000063139
2019-12-08 13:00:00,0.8532000000559492
2019-12-08 15:00:00,2.2398400000383845
2019-12-08 16:00:00,2.293040000004112
2019-12-08 18:00:00,2.293040000004112
2019-08-13 05:00:00,2.239839999965625
2019-08-13 11:00:00,2.239839999965625
2019-08-13 17:00:00,2.346480000051088
2019-08-14 01:00:00,2.346480000051088
2019-08-14 07:00:00,2.4263999999675434
2019-08-14 15:00:00,2.239759999938542
2019-08-15 10:00:00,2.4263999999675434
2019-08-15 13:00:00,2.3730399999476504
2019-08-16 09:00:00,2.5330400000530062
2019-08-16 12:00:00,2.3730399999476504
2019-08-16 16:00:00,2.3463999999512453
2019-08-16 17:00:00,2.319839999981923
2019-08-16 20:00:00,2.1864800000184914
2019-08-17 06:00:00,1.2799199999426492
2019-08-17 08:00:00,0.9066400000301656
2019-08-17 09:00:00,0.8531999999831896
2019-08-18 07:00:00,0.8531999999831896
2019-08-18 10:00:00,0.8266400000138674
2019-08-18 13:00:00,0.8266400000138674
2019-08-19 07:00:00,0.8266400000138674
2019-08-19 10:00:00,2.373119999974733
2019-08-19 11:00:00,2.5596800000494118
2019-08-19 19:00:00,2.5596800000494118
2019-08-19 20:00:00,2.239759999938542
2019-08-19 21:00:00,0.1866399999562418
2019-08-20 20:00:00,1.1999200000718702
2019-08-21 05:00:00,1.439920000048005
2019-08-21 06:00:00,1.973119999966002
2019-08-21 16:00:00,2.399760000043898
2019-08-21 19:00:00,2.453119999991032
2019-08-22 11:00:00,2.399760000043898
2019-08-22 16:00:00,2.453119999991032
2019-08-22 18:00:00,2.479760000060196
2019-08-23 04:00:00,2.479760000060196
2019-08-23 05:00:00,1.9464000000152737
2019-08-23 09:00:00,1.9464000000152737
2019-08-23 11:00:00,2.239839999965625
2019-08-23 16:00:00,2.239839999965625
2019-08-24 10:00:00,0.799920000063139
2019-08-25 09:00:00,0.7732000000396511
2019-08-25 10:00:00,0.7732000000396511
2019-08-25 15:00:00,0.7466399999975692
2019-08-25 17:00:00,0.746560000043246
2019-08-25 19:00:00,0.7465599999704864
2019-08-25 20:00:00,0.746560000043246
2019-08-26 05:00:00,0.7466400000703288
2019-08-26 06:00:00,1.8664799999532988
2019-08-26 08:00:00,2.319839999981923
2019-08-26 10:00:00,2.319839999981923
2019-08-26 14:00:00,2.319839999981923
2019-08-26 15:00:00,2.319839999981923
2019-08-27 05:00:00,2.319839999981923
2019-08-27 12:00:00,2.373120000047493
2019-08-27 19:00:00,2.1063999999751104
2019-08-28 05:00:00,2.1063999999751104
2019-08-28 07:00:00,2.1063999999751104
2019-08-28 08:00:00,2.1331199999985984
2019-08-28 09:00:00,2.1331199999985984
2019-08-28 11:00:00,2.346480000051088
2019-08-28 15:00:00,2.346480000051088
2019-08-29 01:00:00,0.8532000000559492
2019-08-29 02:00:00,0.8532000000559492
2019-08-29 03:00:00,0.8532000000559492
2019-08-29 04:00:00,0.8266399999411078
2019-08-29 05:00:00,0.8532000000559492
2019-08-29 06:00:00,1.759760000059032
2019-08-29 15:00:00,2.319839999981923
2019-08-29 19:00:00,2.479760000060196
2019-08-30 05:00:00,2.479760000060196
2019-08-30 08:00:00,2.239759999938542
2019-08-30 13:00:00,2.239759999938542
2019-08-30 14:00:00,2.346400000024005
2019-08-31 07:00:00,0.7732800000667339
2019-08-31 15:00:00,0.7200000000011642
2019-08-31 18:00:00,0.7465599999704864
2019-08-31 19:00:00,0.7465599999704864
2019-01-09 05:00:00,0.7466399999975692
2019-01-09 06:00:00,0.7466399999975692
2019-01-09 07:00:00,0.7465599999704864
2019-01-09 16:00:00,0.7465599999704864
2019-02-09 05:00:00,0.746560000043246
2019-03-09 05:00:00,1.8398400000296533
2019-03-09 08:00:00,1.893119999949704
2019-03-09 10:00:00,2.2131200000148965
2019-03-09 11:00:00,2.2131200000148965
2019-03-09 12:00:00,2.1598399999493267
2019-03-09 18:00:00,2.1598399999493267
2019-04-09 12:00:00,2.1331199999985984
2019-04-09 18:00:00,2.1331199999985984
2019-05-09 05:00:00,2.1064800000021933
2019-05-09 15:00:00,2.1064800000021933
2019-06-09 00:00:00,1.8131200000061651
2019-06-09 01:00:00,0.906639999957406
2019-06-09 02:00:00,0.906639999957406
2019-06-09 05:00:00,0.906639999957406
2019-06-09 12:00:00,1.8931999999767868
2019-06-09 13:00:00,2.1598399999493267
2019-06-09 14:00:00,2.1863999999914085
2019-06-09 17:00:00,2.1863999999914085
2019-06-09 21:00:00,2.1863999999914085
2019-07-09 11:00:00,0.9065599999303232
2019-07-09 15:00:00,0.8799200000066776
2019-08-09 06:00:00,0.8799200000066776
2019-08-09 10:00:00,0.9598399999958928
2019-08-09 14:00:00,0.9598399999958928
2019-08-09 15:00:00,0.9331999999994878
2019-08-09 21:00:00,0.9331999999994878
2019-09-09 11:00:00,0.9599199999502162
2019-09-09 12:00:00,2.559679999976652
2019-09-09 15:00:00,2.6931199999671662
2019-09-09 18:00:00,2.559679999976652
2019-10-09 07:00:00,2.5330400000530062
2019-10-09 10:00:00,2.5330400000530062
2019-10-09 12:00:00,2.37304000002041
2019-10-09 18:00:00,2.479680000033113
2019-11-09 13:00:00,2.37304000002041
2019-11-09 17:00:00,2.4263999999675434
2019-12-09 18:00:00,2.373119999974733
2019-09-13 07:00:00,2.373120000047493
2019-09-13 10:00:00,2.373119999974733
2019-09-13 14:00:00,2.373120000047493
2019-09-13 15:00:00,2.879759999996168
2019-09-13 19:00:00,2.879759999996168
2019-09-13 23:00:00,0.8798399999795947
2019-09-14 09:00:00,0.8798399999795947
2019-09-14 11:00:00,0.8798399999795947
2019-09-14 20:00:00,0.746560000043246
2019-09-15 09:00:00,0.746560000043246
2019-09-16 05:00:00,0.8531999999831896
2019-09-16 10:00:00,1.8932000000495464
2019-09-16 14:00:00,2.4263999999675434
2019-09-16 16:00:00,2.4263999999675434
2019-09-16 19:00:00,2.2130399999878136
2019-09-17 07:00:00,2.2130399999878136
2019-09-17 20:00:00,2.1598399999493267
2019-09-18 04:00:00,1.3331999999354591
2019-09-18 05:00:00,1.3331999999354591
2019-09-18 23:00:00,0.9598400000686524
2019-09-19 22:00:00,1.093280000059167
2019-09-20 01:00:00,1.0932799999864071
2019-09-20 05:00:00,1.093280000059167
2019-09-20 20:00:00,1.5465600000607085
2019-09-21 03:00:00,1.5465600000607085
2019-09-21 06:00:00,1.093280000059167
2019-09-21 11:00:00,1.0932799999864071
2019-09-21 12:00:00,0.9598399999958928
2019-09-21 13:00:00,0.9332799999538112
2019-09-21 14:00:00,0.9065600000030828
2019-09-21 16:00:00,0.9065600000030828
2019-09-21 17:00:00,0.9065600000030828
2019-09-22 06:00:00,0.9065600000030828
2019-09-22 13:00:00,0.9599200000229756
2019-09-22 19:00:00,0.9599200000229756
2019-09-23 23:00:00,0.9066400000301656
2019-09-25 11:00:00,0.9066400000301656
2019-09-25 20:00:00,1.3599200000317069
2019-09-26 13:00:00,2.4263999999675434
2019-09-26 14:00:00,2.4263999999675434
2019-09-26 17:00:00,2.4263999999675434
2019-09-27 02:00:00,0.7732000000396511
2019-09-27 06:00:00,2.293040000004112
2019-09-27 08:00:00,2.293040000004112
2019-09-27 23:00:00,2.293040000004112
2019-09-28 08:00:00,0.9599199999502162
2019-09-28 09:00:00,0.9599199999502162
2019-09-28 11:00:00,0.9065600000030828
2019-09-28 12:00:00,0.9065600000030828
2019-09-28 14:00:00,0.8532800000102725
2019-09-29 18:00:00,0.8532800000102725
2019-09-30 15:00:00,0.8532800000102725
2019-09-30 16:00:00,2.3463999999512453
2019-01-10 21:00:00,2.3463999999512453
2019-02-10 05:00:00,2.0264800000586547
2019-02-10 20:00:00,1.4932000000408152
2019-03-10 04:00:00,1.4932000000408152
2019-03-10 06:00:00,1.013200000015786
2019-03-10 07:00:00,1.013200000015786
2019-04-10 05:00:00,1.0132799999701092
2019-04-10 11:00:00,1.8664800000260584
2019-04-10 22:00:00,1.8664800000260584
2019-05-10 07:00:00,1.0932799999864071
2019-05-10 08:00:00,1.0932799999864071
2019-05-10 11:00:00,1.093200000032084
2019-05-10 16:00:00,1.0932799999864071
2019-05-10 17:00:00,1.093280000059167
2019-05-10 18:00:00,1.093280000059167
2019-06-10 15:00:00,1.093280000059167
2019-06-10 16:00:00,1.1198400000284892
2019-06-10 17:00:00,1.1198400000284892
2019-06-10 18:00:00,1.093280000059167
2019-06-10 19:00:00,1.093280000059167
2019-06-10 20:00:00,1.1198399999557296
2019-07-10 01:00:00,1.1199199999828124
2019-07-10 05:00:00,1.119920000055572
2019-07-10 20:00:00,1.5732000000571134
2019-08-10 06:00:00,2.0797599999787053
2019-08-10 19:00:00,2.666400000016438
2019-08-10 21:00:00,2.666400000016438
2019-09-10 08:00:00,2.5864800000272226
2019-10-10 05:00:00,2.1063999999751104
2019-10-10 09:00:00,2.5864800000272226
2019-11-10 05:00:00,2.1064800000021933
2019-11-10 07:00:00,2.719760000036331
2019-11-10 08:00:00,2.693039999940084
2019-11-10 11:00:00,2.719760000036331
2019-11-10 16:00:00,2.693039999940084
2019-12-10 05:00:00,2.373120000047493
2019-12-10 07:00:00,1.093280000059167
2019-12-10 15:00:00,1.0932799999864071
2019-12-10 16:00:00,0.9066400000301656
2019-12-10 17:00:00,0.9065600000030828
2019-12-10 18:00:00,0.9066400000301656
2019-12-10 19:00:00,0.9066400000301656
2019-12-10 20:00:00,0.9598399999958928
2019-10-13 00:00:00,0.986639999973704
2019-10-13 08:00:00,1.0398399999394314
2019-10-13 11:00:00,1.0398399999394314
2019-10-13 19:00:00,0.9332799999538112
2019-10-13 20:00:00,0.9332799999538112
2019-10-14 06:00:00,0.9865600000193808
2019-10-14 16:00:00,2.506479999938165
2019-10-14 19:00:00,2.506479999938165
2019-10-15 09:00:00,2.559679999976652
2019-10-15 11:00:00,2.293120000031194
2019-10-15 13:00:00,2.559679999976652
2019-10-15 15:00:00,2.373120000047493
2019-10-15 18:00:00,2.7996799999527866
2019-10-15 19:00:00,2.586479999954463
2019-10-16 12:00:00,2.63967999999295
2019-10-16 15:00:00,2.63967999999295
2019-10-16 19:00:00,2.7197599999635718
2019-10-17 09:00:00,2.773120000056224
2019-10-18 11:00:00,3.0130399999325164
2019-10-18 16:00:00,3.0130399999325164
2019-10-19 06:00:00,2.826319999949192
2019-10-19 14:00:00,1.0132799999701092
2019-10-19 15:00:00,1.0132799999701092
2019-10-19 18:00:00,1.0132799999701092
2019-10-20 03:00:00,1.0931999999593245
2019-10-20 06:00:00,1.093200000032084
2019-10-20 08:00:00,1.093280000059167
2019-10-21 05:00:00,1.1198400000284892
2019-10-21 12:00:00,2.0531199999823
2019-10-21 13:00:00,2.613120000023628
2019-10-21 15:00:00,2.826319999949192
2019-10-22 06:00:00,2.613120000023628
2019-10-22 14:00:00,2.8796800000418443
2019-10-23 07:00:00,2.586479999954463
2019-10-24 11:00:00,3.039679999928921
2019-10-25 11:00:00,3.252959999954328
2019-10-25 19:00:00,3.252959999954328
2019-10-25 20:00:00,2.8796800000418443
2019-10-26 09:00:00,1.6265600000042468
2019-10-27 02:00:00,1.1465599999792175
2019-10-27 03:00:00,1.0986080000147922
2019-10-27 11:00:00,1.0905360000178916
2019-10-27 17:00:00,1.0905360000178916
2019-10-27 19:00:00,1.093200000032084
2019-10-27 20:00:00,1.093200000032084
2019-10-28 07:00:00,1.0932799999864071
2019-10-28 14:00:00,2.693039999940084
2019-10-28 15:00:00,3.0929599999944912
2019-10-29 09:00:00,3.0929599999944912
2019-10-31 09:00:00,3.0129600000509527
2019-01-11 01:00:00,0.9866400000464636
2019-01-11 09:00:00,0.986639999973704
2019-01-11 10:00:00,0.986639999973704
2019-01-11 15:00:00,0.9598399999958928
2019-01-11 16:00:00,0.9598399999958928
2019-01-11 18:00:00,0.9332800000265706
2019-02-11 10:00:00,0.9332799999538112
2019-02-11 12:00:00,0.8799200000066776
2019-02-11 17:00:00,0.879919999933918
2019-02-11 18:00:00,0.879919999933918
2019-02-11 20:00:00,0.879919999933918
2019-03-11 10:00:00,0.9065600000030828
2019-03-11 13:00:00,0.9065600000030828
2019-03-11 14:00:00,0.8799200000066776
2019-03-11 19:00:00,0.8799200000066776
2019-04-11 05:00:00,0.9332799999538112
2019-04-11 20:00:00,1.5998400000535185
2019-05-11 05:00:00,1.919759999946109
2019-05-11 10:00:00,2.053200000009383
2019-06-11 08:00:00,2.8796800000418443
2019-07-11 05:00:00,2.8796800000418443
2019-07-11 11:00:00,2.8796800000418443
2019-07-11 16:00:00,2.693039999940084
2019-08-11 22:00:00,0.986639999973704
2019-09-11 19:00:00,1.0132799999701092
2019-10-11 08:00:00,1.0132799999701092
2019-10-11 16:00:00,1.0132799999701092
2019-11-11 06:00:00,1.0132799999701092
2019-11-11 07:00:00,2.4796799999603536
2019-11-11 12:00:00,2.5864800000272226
2019-11-11 20:00:00,2.5864800000272226
2019-12-11 00:00:00,1.7597599999862723
2019-12-11 02:00:00,1.1731999999756226
2019-12-11 04:00:00,1.1731999999756226
2019-12-11 07:00:00,1.1732000000483822
2019-12-11 17:00:00,2.559679999976652
2019-11-13 02:00:00,2.559679999976652
2019-11-14 08:00:00,2.506400000056601
2019-11-14 09:00:00,2.506400000056601
2019-11-14 15:00:00,2.559759999930975
2019-11-15 12:00:00,2.5864800000272226
2019-11-16 04:00:00,2.5864800000272226
2019-11-16 06:00:00,1.1732800000027055
2019-11-16 08:00:00,1.1731999999756226
2019-11-16 09:00:00,1.1731999999756226
2019-11-16 11:00:00,1.1731999999756226
2019-11-16 18:00:00,1.1732800000027055
2019-11-17 01:00:00,1.1732800000027055
2019-11-17 03:00:00,1.1732800000027055
2019-11-17 05:00:00,1.1732000000483822
2019-11-17 07:00:00,1.1731999999756226
2019-11-17 09:00:00,1.1732000000483822
2019-11-17 10:00:00,1.1732000000483822
2019-11-17 13:00:00,1.1732000000483822
2019-11-17 16:00:00,1.1732000000483822
2019-11-17 19:00:00,1.1465600000519771
2019-11-17 23:00:00,1.1732000000483822
2019-11-18 00:00:00,1.1732000000483822
2019-11-18 01:00:00,1.1732000000483822
2019-11-18 03:00:00,1.1732800000027055
2019-11-18 08:00:00,1.1732800000027055
2019-11-18 20:00:00,1.6264800000499235
2019-11-19 01:00:00,1.6264800000499235
2019-11-19 02:00:00,1.1999200000718702
2019-11-19 04:00:00,1.1998399999720275
2019-11-19 06:00:00,1.1998399999720275
2019-11-19 08:00:00,2.693039999940084
2019-11-19 16:00:00,2.693120000039926
2019-11-21 05:00:00,2.693120000039926
2019-11-22 08:00:00,2.826319999949192
2019-11-22 17:00:00,2.5596800000494118
2019-11-22 20:00:00,2.5596800000494118
2019-11-23 11:00:00,1.5198399999644607
2019-11-23 18:00:00,0.9865599999466212
2019-11-23 21:00:00,0.9865599999466212
2019-11-24 05:00:00,0.986639999973704
2019-11-24 09:00:00,0.986639999973704
2019-11-25 18:00:00,0.9866400000464636
2019-11-25 19:00:00,2.7731199999834644
2019-11-26 10:00:00,2.8796800000418443
2019-11-26 19:00:00,2.9596800000581425
2019-11-27 04:00:00,2.9596800000581425
2019-11-27 10:00:00,2.9596800000581425
2019-11-27 18:00:00,3.412959999986924
2019-11-27 19:00:00,3.412959999986924
2019-11-27 20:00:00,2.773120000056224
2019-11-28 05:00:00,2.133120000071358
2019-11-28 14:00:00,2.133120000071358
2019-11-28 20:00:00,2.133120000071358
2019-11-29 05:00:00,2.293040000004112
2019-11-29 11:00:00,2.293040000004112
2019-11-29 14:00:00,3.5195999999996275
2019-11-29 20:00:00,3.5195999999996275
2019-11-30 10:00:00,1.8931999999767868
2019-01-12 17:00:00,1.3598399999318644
2019-01-12 22:00:00,1.3598399999318644
2019-02-12 05:00:00,1.3865599999553524
2019-02-12 13:00:00,2.293119999958435
2019-02-12 20:00:00,2.293119999958435
2019-03-12 05:00:00,2.1863999999914085
2019-03-12 13:00:00,2.1863999999914085
2019-03-12 15:00:00,2.799759999979869
2019-05-12 10:00:00,3.493040000030305
2019-05-12 11:00:00,3.493040000030305
2019-05-12 16:00:00,3.493040000030305
2019-06-12 18:00:00,3.1463199999416247
2019-06-12 19:00:00,2.613119999950868
2019-07-12 18:00:00,2.6130400000693044
2019-08-12 11:00:00,0.9065600000030828
2019-08-12 17:00:00,0.9332799999538112
2019-09-12 09:00:00,0.9332799999538112
2019-09-12 19:00:00,2.559679999976652
2019-10-12 05:00:00,2.559679999976652
2019-10-12 07:00:00,2.559679999976652
2019-10-12 09:00:00,2.8263999999762746
2019-10-12 20:00:00,2.8263999999762746
2019-10-12 23:00:00,1.653119999973569
2019-11-12 01:00:00,1.1998400000447873
2019-11-12 05:00:00,1.1998400000447873
2019-12-12 12:00:00,2.1331199999985984
2019-12-12 16:00:00,2.746320000005653
2019-12-14 10:00:00,0.9331999999994878
2019-12-14 14:00:00,0.9599199999502162
2019-12-14 19:00:00,0.9599199999502162
2019-12-16 16:00:00,1.6264800000499235
2019-12-16 19:00:00,2.506479999938165
2019-12-17 05:00:00,2.506479999938165
2019-12-17 06:00:00,2.506479999938165
2019-12-17 12:00:00,2.693120000039926
2019-12-18 05:00:00,2.693120000039926
2019-12-18 09:00:00,3.012959999978193
2019-12-18 20:00:00,2.3197600000276
2019-12-19 03:00:00,1.706479999993462
2019-12-19 07:00:00,1.706479999993462
2019-12-19 20:00:00,1.653200000000652
2019-12-19 22:00:00,1.653200000000652
2019-12-20 03:00:00,1.1732800000027055
2019-12-20 04:00:00,1.1732800000027055
2019-12-20 14:00:00,1.1999199999991106
2019-12-21 14:00:00,1.1999199999991106
2019-12-21 19:00:00,0.9865600000193808
2019-12-22 16:00:00,0.9865599999466212
2019-12-23 02:00:00,0.9865599999466212
2019-12-23 05:00:00,0.9866400000464636
2019-12-23 14:00:00,1.8397600000025705
2019-12-24 01:00:00,1.8397600000025705
2019-12-24 07:00:00,0.9866400000464636
2019-12-24 12:00:00,0.9598399999958928
2019-12-24 13:00:00,0.9866400000464636
2019-12-24 19:00:00,0.9599199999502162
2019-12-25 08:00:00,0.9599199999502162
2019-12-26 07:00:00,0.9599199999502162
2019-12-27 12:00:00,0.9866400000464636
2019-12-27 15:00:00,1.0132800000428688
2019-12-27 16:00:00,0.9866400000464636
2019-12-28 09:00:00,1.0131999999430263
2019-12-28 17:00:00,0.9865599999466212
2019-12-28 20:00:00,1.0131999999430263
2019-12-30 17:00:00,1.0131999999430263
2019-12-31 05:00:00,1.0398399999394314
2019-12-31 11:00:00,1.9731200000387616
2019-12-31 12:00:00,2.4530399999639485
2020-02-01 13:00:00,2.479760000060196
2020-03-01 17:00:00,2.586479999954463
2020-04-01 17:00:00,0.986639999973704
2020-06-01 12:00:00,0.986639999973704
2020-06-01 20:00:00,0.986639999973704
2020-08-01 05:00:00,0.9866400000464636
2020-09-01 17:00:00,2.10640000004787
2020-12-01 18:00:00,2.10640000004787
2020-12-01 19:00:00,0.986639999973704
2020-01-13 23:00:00,0.986639999973704
2020-01-14 01:00:00,1.1731999999756226
2020-01-14 05:00:00,1.173279999929946
2020-01-15 05:00:00,0.4532800000015413
2020-01-15 07:00:00,2.079840000005788
2020-01-15 18:00:00,2.9596800000581425
2020-01-16 18:00:00,2.986320000054548
2020-01-17 14:00:00,2.986320000054548
2020-01-18 03:00:00,3.3863200000632787
2020-01-18 15:00:00,1.0132800000428688
2020-01-19 13:00:00,0.9865599999466212
2020-01-19 14:00:00,0.9866400000464636
2020-01-20 10:00:00,0.9866400000464636
2020-01-22 05:00:00,2.0263999999588123
2020-01-22 10:00:00,2.7197599999635718
2020-01-23 11:00:00,0.7119280000042636
2020-01-23 12:00:00,2.0531199999823
2020-01-23 13:00:00,1.4589046153811909
2020-01-23 14:15:00,2.0531199999823
2020-01-23 15:00:00,2.7018666666117497
2020-01-24 05:00:00,2.7018666666117497
2020-01-24 07:00:00,2.7018666666117497
2020-01-25 06:00:00,1.1998400000447873
2020-01-25 08:00:00,1.1732800000027055
2020-01-25 09:00:00,1.1731999999756226
2020-01-25 10:00:00,1.1731999999756226
2020-01-25 16:00:00,1.1731999999756226
2020-01-28 12:00:00,1.1731999999756226
2020-01-29 12:00:00,2.7996799999527866
2020-01-30 16:00:00,3.066319999998086
2020-01-30 20:00:00,3.066319999998086
2020-01-31 08:00:00,2.4796799999603536
2020-01-31 09:00:00,2.4796799999603536
2020-01-31 13:00:00,2.7196799999364885
2020-01-31 20:00:00,2.7196799999364885
2020-01-02 05:00:00,0.9065599999303232
2020-01-02 10:00:00,0.9332000000722472
2020-01-02 11:00:00,0.906639999957406
2020-01-02 15:00:00,0.9332000000722472
2020-02-02 12:00:00,0.9332799999538112
2020-03-02 15:00:00,0.9599199999502162
2020-03-02 17:00:00,3.4929600000032224
2020-03-02 21:00:00,3.4929600000032224
2020-03-02 22:00:00,1.7065599999477854
2020-04-02 00:00:00,1.6797600000427335
2020-04-02 04:00:00,1.706479999993462
2020-04-02 07:00:00,1.706479999993462
2020-05-02 20:00:00,2.63967999999295
2020-06-02 20:00:00,2.63967999999295
2020-07-02 08:00:00,2.3997599999711383
2020-08-02 06:00:00,2.3198400000546826
2020-08-02 07:00:00,1.1465600000519771
2020-08-02 09:00:00,1.1465600000519771
2020-08-02 11:00:00,1.146479999952135
2020-09-02 01:00:00,1.1464800000248945
2020-09-02 05:00:00,1.146479999952135
2020-09-02 11:00:00,1.146479999952135
2020-09-02 12:00:00,1.0932799999864071
2020-10-02 12:00:00,1.0932799999864071
2020-11-02 21:00:00,1.1198400000284892
2020-11-02 22:00:00,1.173279999929946
2020-11-02 23:00:00,1.1464800000248945
2020-12-02 22:00:00,1.1465600000519771
2020-02-13 16:00:00,1.1465600000519771
2020-02-13 17:00:00,3.0129600000509527
2020-02-15 02:00:00,3.0129600000509527
2020-02-15 07:00:00,1.1732800000027055
2020-02-15 13:00:00,1.1732000000483822
2020-02-16 15:00:00,1.0932799999864071
2020-02-17 15:00:00,1.0932799999864071
2020-02-18 02:00:00,1.3064800000574903
2020-02-18 04:00:00,1.3064800000574903
2020-02-18 18:00:00,1.3064800000574903
2020-02-19 22:00:00,1.2799199999426492
2020-02-20 19:00:00,2.4264799999946263
2020-02-21 14:00:00,2.453120000063791
2020-02-22 07:00:00,2.453120000063791
2020-02-22 08:00:00,1.1732800000027055
2020-02-22 15:00:00,1.1732000000483822
2020-02-23 10:00:00,1.0932799999864071
2020-02-25 11:00:00,1.0932799999864071
2020-02-25 13:00:00,2.6931199999671662
2020-02-29 09:00:00,0.9066400000301656
2020-02-29 14:00:00,0.8798400000523543
2020-02-29 15:00:00,0.8798400000523543
2020-02-29 16:00:00,0.8798400000523543
2020-02-29 20:00:00,0.8798399999795947
2020-01-03 07:00:00,0.8799200000066776
2020-01-03 09:00:00,0.9332799999538112
2020-01-03 10:00:00,0.9332799999538112
2020-01-03 14:00:00,0.9332799999538112
2020-01-03 19:00:00,0.9065600000030828
2020-05-03 12:00:00,0.9332799999538112
2020-06-03 06:00:00,2.1597599999950035
2020-07-03 17:00:00,2.1597599999950035
2020-08-03 06:00:00,1.1465599999792175
2020-08-03 11:00:00,1.119920000055572
2020-10-03 15:00:00,1.1465599999792175
2020-03-13 05:00:00,1.119920000055572
2020-03-13 20:00:00,2.293119999958435
2020-03-14 17:00:00,0.986639999973704
2020-03-15 13:00:00,0.906639999957406
2020-03-17 17:00:00,0.906639999957406
2020-03-17 20:00:00,2.31975999995484
2020-03-18 13:00:00,2.533039999980246
2020-03-19 09:00:00,2.453120000063791
2020-03-19 18:00:00,2.453120000063791
2020-03-20 00:00:00,2.4530399999639485
2020-03-20 12:00:00,2.346479999978328
2020-03-20 17:00:00,2.2664800000347896
2020-03-24 12:00:00,2.346479999978328
2020-03-24 20:00:00,2.37304000002041
2020-03-25 20:00:00,2.37304000002041
2020-03-26 23:00:00,2.346479999978328
2020-03-27 11:00:00,2.346479999978328
2020-03-27 17:00:00,2.4263999999675434
2020-03-28 17:00:00,0.8532800000102725
2020-03-29 08:00:00,0.9598399999958928
2020-03-31 09:00:00,0.9598399999958928
2020-02-04 01:00:00,1.2264800000411924
2020-02-04 02:00:00,1.253279999946244
2020-03-04 15:00:00,1.253279999946244
2020-06-04 12:00:00,2.2664000000077067
2020-07-04 18:00:00,2.2664800000347896
2020-07-04 19:00:00,2.2664800000347896
2020-07-04 22:00:00,0.7732800000667339
2020-08-04 14:00:00,2.0797599999787053
2020-08-04 15:00:00,2.186479999945732
2020-09-04 15:00:00,2.2130399999878136
2020-09-04 17:00:00,2.26647999996203
2020-10-04 10:00:00,0.3199200000381097
2020-10-04 23:00:00,0.5332799999450799
2020-11-04 20:00:00,0.5332799999450799
2020-12-04 10:00:00,0.6932799999776762
2020-12-04 12:00:00,0.6932799999776762
2020-12-04 14:00:00,0.6932799999776762
2020-12-04 16:00:00,0.6932799999776762
2020-12-04 19:00:00,0.6932800000504358
2020-12-04 20:00:00,0.6932800000504358
2020-04-13 09:00:00,0.6932800000504358
2020-04-16 08:00:00,0.9332799999538112
2020-04-16 18:00:00,2.1331199999985984
2020-04-17 13:00:00,2.3463999999512453
2020-04-19 06:00:00,2.1331199999985984
2020-04-19 13:00:00,0.7732800000667339
2020-04-20 07:00:00,0.986639999973704
2020-04-21 09:00:00,2.453040000036708
2020-04-21 15:00:00,2.453040000036708
2020-04-21 16:00:00,2.1598399999493267
2020-04-21 17:00:00,2.026479999985895
2020-04-21 18:00:00,2.026479999985895
2020-04-21 19:00:00,2.0264800000586547
2020-04-22 13:00:00,2.0531199999823
2020-04-22 16:00:00,2.079840000005788
2020-04-22 19:00:00,2.079840000005788
2020-04-22 20:00:00,2.079840000005788
2020-04-23 04:00:00,2.026400000031572
2020-04-23 09:00:00,2.026400000031572
2020-04-23 10:00:00,2.266399999934947
2020-04-23 13:00:00,2.266399999934947
2020-04-24 11:00:00,2.1864800000184914
2020-04-24 13:00:00,2.1064800000021933
2020-04-24 17:00:00,2.1598400000220863
2020-04-25 10:00:00,2.0531199999823
2020-04-27 07:00:00,2.1598400000220863
2020-04-27 10:00:00,2.1598400000220863
2020-04-27 13:00:00,2.1598400000220863
2020-04-28 17:00:00,2.1598400000220863
2020-04-28 21:00:00,2.026400000031572
2020-04-29 18:00:00,2.53311999993457
2020-01-05 17:00:00,0.9332000000722472
2020-01-05 20:00:00,0.9066400000301656
2020-02-05 12:00:00,0.9066400000301656
2020-03-05 10:00:00,0.9066400000301656
2020-04-05 06:00:00,0.9066400000301656
2020-04-05 07:00:00,2.2398400000383845
2020-04-05 19:00:00,2.3197600000276
2020-05-05 13:00:00,2.346479999978328
2020-05-05 18:00:00,2.7731199999834644
2020-07-05 00:00:00,0.9066400000301656
2020-07-05 22:00:00,0.8798399999795947
2020-08-05 03:00:00,0.906639999957406
2020-08-05 21:00:00,0.8798399999795947
2020-09-05 06:00:00,0.8531999999831896
2020-09-05 07:00:00,0.8531999999831896
2020-09-05 10:00:00,0.8531999999831896
2020-10-05 11:00:00,0.6932799999776762
2020-10-05 12:00:00,0.6932799999776762
2020-10-05 13:00:00,0.6932799999776762
2020-10-05 14:00:00,0.6932000000233529
2020-10-05 17:00:00,0.7200000000011642
2020-11-05 13:00:00,0.799920000063139
2020-11-05 18:00:00,2.586479999954463
2020-12-05 02:00:00,2.586479999954463
2020-05-13 19:00:00,2.746320000005653
2020-05-14 13:00:00,2.4530399999639485
2020-05-14 23:00:00,2.4530399999639485
2020-05-15 00:00:00,1.2799199999426492
2020-05-15 05:00:00,1.2532800000190036
2020-05-15 16:00:00,1.2799199999426492
2020-05-16 17:00:00,0.7466399999975692
2020-05-17 23:00:00,0.906639999957406
2020-05-18 21:00:00,0.7466399999975692
2020-05-19 01:00:00,0.879919999933918
2020-05-19 10:00:00,0.879919999933918
2020-05-21 12:00:00,0.6932799999776762
2020-05-21 13:00:00,0.6932800000504358
2020-05-21 16:00:00,0.6932800000504358
2020-05-21 17:00:00,0.6932800000504358
2020-05-21 22:00:00,0.6931999999505933
2020-05-22 08:00:00,0.6931999999505933
2020-05-22 10:00:00,2.1063999999751104
2020-05-22 11:00:00,2.2131200000148965
2020-05-23 00:00:00,0.6932800000504358
2020-05-23 02:00:00,0.6932799999776762
2020-05-23 06:00:00,0.6932800000504358
2020-05-23 07:00:00,0.7732799999939743
2020-05-23 13:00:00,0.7732800000667339
2020-05-23 14:00:00,0.8798399999795947
2020-05-24 17:00:00,0.8798399999795947
2020-05-25 13:00:00,0.8798399999795947
2020-05-26 11:00:00,2.4796799999603536
2020-05-26 18:00:00,2.4796799999603536
2020-05-28 09:00:00,2.2130399999878136
2020-05-28 16:00:00,2.1864800000184914
2020-05-30 12:00:00,2.186479999945732
2020-05-30 16:00:00,0.8531999999831896
2020-05-31 08:00:00,0.8531999999831896
2020-05-31 09:00:00,1.039920000039274
2020-01-06 14:00:00,1.039920000039274
2020-02-06 13:00:00,1.039920000039274
2020-02-06 15:00:00,2.2130399999878136
2020-02-06 16:00:00,2.2664800000347896
2020-02-06 17:00:00,2.213119999942137
2020-02-06 18:00:00,2.213119999942137
2020-02-06 19:00:00,2.186400000064168
2020-03-06 19:00:00,2.0531999999366235
2020-03-06 20:00:00,2.0531199999823
2020-03-06 21:00:00,0.6666399999812711
2020-03-06 22:00:00,0.6932000000233529
2020-04-06 08:00:00,0.6932000000233529
2020-04-06 15:00:00,2.26647999996203
2020-05-06 00:00:00,2.26647999996203
2020-05-06 07:00:00,2.3463999999512453
2020-05-06 14:00:00,2.3463999999512453
2020-06-06 04:00:00,2.3463999999512453
2020-06-06 12:00:00,0.9332800000265706
2020-08-06 15:00:00,0.9332800000265706
2020-09-06 06:00:00,2.1863999999914085
2020-09-06 15:00:00,2.426400000040303
2020-10-06 05:00:00,2.1863999999914085
2020-10-06 08:00:00,2.293120000031194
2020-10-06 14:00:00,2.293120000031194
2020-11-06 09:00:00,2.293120000031194
2020-11-06 12:00:00,1.093280000059167
2020-11-06 18:00:00,1.0398399999394314
2020-11-06 19:00:00,0.9332000000722472
2020-12-06 11:00:00,0.9332000000722472
2020-06-15 08:00:00,2.1597599999950035
2020-06-19 12:00:00,2.293120000031194
2020-06-19 15:00:00,2.293120000031194
2020-06-20 19:00:00,2.239839999965625
2020-06-20 22:00:00,0.9065599999303232
2020-06-22 23:00:00,0.8531999999831896
2020-06-23 09:00:00,0.9065599999303232
2020-06-23 22:00:00,0.6665600000269478
2020-06-23 23:00:00,0.6666399999812711
2020-06-24 00:00:00,0.6666399999812711
2020-06-24 09:00:00,0.6932000000233529
2020-06-24 10:00:00,2.0797599999787053
2020-06-24 12:00:00,2.0797599999787053
2020-06-24 13:00:00,2.0797599999787053
2020-06-24 19:00:00,2.026479999985895
2020-06-24 21:00:00,0.6665600000269478
2020-06-24 22:00:00,0.6666399999812711
2020-06-24 23:00:00,0.6665600000269478
2020-06-25 01:00:00,0.6665600000269478
2020-06-25 08:00:00,0.6665600000269478
2020-06-25 10:00:00,2.1331199999985984
2020-06-25 11:00:00,2.1331199999985984
2020-06-25 12:00:00,2.079840000005788
2020-06-25 18:00:00,2.0797599999787053
2020-06-25 19:00:00,2.0797599999787053
2020-06-26 00:00:00,0.6665600000269478
2020-06-26 01:00:00,0.6932799999776762
2020-06-26 03:00:00,0.6932799999776762
2020-06-26 05:00:00,0.6932799999776762
2020-06-26 07:00:00,0.7199199999740813
2020-06-26 09:00:00,2.0797599999787053
2020-06-26 14:00:00,2.079840000005788
2020-06-26 15:00:00,2.079760000051465
2020-06-26 18:00:00,2.079760000051465
2020-06-27 08:00:00,0.6666399999812711
2020-06-27 09:00:00,0.6665600000269478
2020-06-27 11:00:00,0.6665600000269478
2020-06-27 12:00:00,0.6665600000269478
2020-06-27 14:00:00,0.6665600000269478
2020-06-27 15:00:00,0.6666399999812711
2020-06-27 16:00:00,0.6666399999812711
2020-06-27 17:00:00,0.6666399999812711
2020-06-27 18:00:00,0.6666399999812711
2020-06-27 19:00:00,0.6665600000269478
2020-06-27 21:00:00,0.6666399999812711
2020-06-28 01:00:00,0.6666399999812711
2020-06-28 02:00:00,0.6666399999812711
2020-06-28 04:00:00,0.6665600000269478
2020-06-28 05:00:00,0.6665600000269478
2020-06-28 06:00:00,0.6666399999812711
2020-06-28 07:00:00,0.6932799999776762
2020-06-28 08:00:00,0.6666399999812711
2020-06-28 09:00:00,0.6932800000504358
2020-06-28 10:00:00,0.6665599999541882
2020-06-28 11:00:00,0.6666399999812711
2020-06-28 12:00:00,0.6665600000269478
2020-06-28 14:00:00,0.6666399999812711
2020-06-28 15:00:00,0.6666400000540307
2020-06-28 16:00:00,0.6666400000540307
2020-06-28 18:00:00,0.6666400000540307
2020-06-29 06:00:00,0.6666400000540307
2020-06-30 07:00:00,2.2130399999878136
2020-06-30 10:00:00,2.293119999958435
2020-06-30 20:00:00,2.293119999958435
2020-01-07 05:00:00,2.0797599999787053
2020-01-07 06:00:00,2.0797599999787053
2020-01-07 10:00:00,2.1064800000021933
2020-01-07 11:00:00,2.1064800000021933
2020-01-07 14:00:00,2.1064800000021933
2020-01-07 19:00:00,2.079840000005788
2020-01-07 21:00:00,0.6931999999505933
2020-01-07 22:00:00,0.6932800000504358
2020-02-07 01:00:00,0.6932800000504358
2020-02-07 02:00:00,0.6932800000504358
2020-02-07 03:00:00,0.6932800000504358
2020-02-07 04:00:00,0.6665599999541882
2020-02-07 05:00:00,0.6666399999812711
2020-02-07 06:00:00,0.6666399999812711
2020-02-07 07:00:00,1.9997599999624072
2020-02-07 08:00:00,2.0264800000586547
2020-02-07 09:00:00,2.079840000005788
2020-02-07 13:00:00,2.1063999999751104
2020-02-07 15:00:00,2.479680000033113
2020-02-07 18:00:00,2.479680000033113
2020-03-07 09:00:00,2.293040000004112
2020-03-07 12:00:00,2.213119999942137
2020-03-07 14:00:00,2.2664800000347896
2020-03-07 20:00:00,2.213119999942137
2020-03-07 22:00:00,0.6665599999541882
2020-04-07 10:00:00,0.6666400000540307
2020-04-07 11:00:00,0.6666400000540307
2020-04-07 12:00:00,0.6931999999505933
2020-04-07 13:00:00,0.6931999999505933
2020-04-07 14:00:00,0.6931999999505933
2020-04-07 15:00:00,0.6666400000540307
2020-04-07 18:00:00,0.6931999999505933
2020-04-07 19:00:00,0.6666400000540307
2020-04-07 20:00:00,0.6666399999812711
2020-05-07 03:00:00,0.6666399999812711
2020-05-07 04:00:00,0.6932000000233529
2020-05-07 06:00:00,0.6932799999776762
2020-05-07 07:00:00,0.6932799999776762
2020-05-07 08:00:00,0.6931999999505933
2020-05-07 09:00:00,0.6931999999505933
2020-05-07 12:00:00,0.6666400000540307
2020-05-07 23:00:00,0.6932799999776762
2020-06-07 02:00:00,0.6932000000233529
2020-06-07 04:00:00,0.6932800000504358
2020-06-07 06:00:00,0.6932800000504358
2020-06-07 09:00:00,2.0797599999787053
2020-06-07 10:00:00,2.1064799999294337
2020-06-07 12:00:00,2.159760000067763
2020-06-07 18:00:00,2.1864800000184914
2020-06-07 23:00:00,0.8532799999375129
2020-07-07 00:00:00,0.8798400000523543
2020-08-07 15:00:00,0.8798400000523543
2020-08-07 17:00:00,2.1864800000184914
2020-09-07 09:00:00,2.1864800000184914
2020-09-07 10:00:00,2.293039999931352
2020-10-07 05:00:00,0.293279999968945
2020-10-07 08:00:00,2.346480000051088
2020-10-07 09:00:00,2.213119999942137
2020-07-13 12:00:00,3.012959999978193
2020-07-13 13:00:00,2.8531199999997625
2020-07-14 11:00:00,2.8531199999997625
2020-07-14 14:00:00,2.026479999985895
2020-07-14 15:00:00,2.026479999985895
2020-07-14 23:00:00,0.6399200000305427
2020-07-15 11:00:00,2.1331199999985984
2020-07-17 11:00:00,2.373119999974733
2020-07-17 18:00:00,2.373119999974733
2020-07-19 10:00:00,2.213040000060573
2020-07-19 18:00:00,0.8532799999375129
2020-07-20 16:00:00,0.8532799999375129
2020-07-21 11:00:00,2.159760000067763
2020-07-21 12:00:00,2.186479999945732
2020-07-21 14:00:00,2.26647999996203
2020-07-23 10:00:00,2.26647999996203
2020-07-23 18:00:00,2.26647999996203
2020-07-24 10:00:00,2.346480000051088
2020-07-25 16:00:00,0.8265600000595441
2020-07-26 18:00:00,0.8532000000559492
2020-07-27 10:00:00,0.8532000000559492
2020-07-27 12:00:00,3.3863200000632787
2020-07-27 14:00:00,3.3863200000632787
2020-07-28 06:00:00,2.1864800000184914
2020-07-28 07:00:00,2.1863999999914085
2020-07-28 11:00:00,2.1863999999914085
2020-07-28 20:00:00,2.346400000024005
2020-07-29 10:00:00,2.373120000047493
2020-07-30 10:00:00,2.373120000047493
2020-07-30 12:00:00,2.479760000060196
2020-07-30 16:00:00,2.613120000023628
2020-07-31 16:00:00,2.613120000023628
2020-01-08 00:00:00,0.6666399999812711
2020-01-08 02:00:00,0.6932800000504358
2020-01-08 03:00:00,0.6666399999812711
2020-01-08 08:00:00,0.6932800000504358
2020-01-08 11:00:00,0.6932800000504358
2020-01-08 12:00:00,0.6932800000504358
2020-01-08 15:00:00,0.6665600000269478
2020-01-08 18:00:00,0.6665600000269478
2020-02-08 06:00:00,0.6665600000269478
2020-02-08 07:00:00,0.6932000000233529
2020-02-08 08:00:00,0.6932799999776762
2020-02-08 10:00:00,0.6932000000233529
2020-02-08 19:00:00,0.6932000000233529
2020-03-08 00:00:00,0.6931999999505933
2020-03-08 07:00:00,0.6932000000233529
2020-06-08 23:00:00,0.6666400000540307
2020-07-08 01:00:00,0.6932000000233529
2020-08-08 03:00:00,0.6932000000233529
2020-08-08 04:00:00,0.6932000000233529
2020-08-08 07:00:00,0.7199200000468409
2020-09-08 06:00:00,0.6932000000233529
2020-09-08 09:00:00,0.6932000000233529
2020-09-08 16:00:00,0.6932000000233529
2020-10-08 03:00:00,0.6931999999505933
2020-10-08 07:00:00,0.6931999999505933
2020-12-08 23:00:00,0.7200000000011642
2020-08-13 07:00:00,2.05312000005506
2020-08-13 08:00:00,2.05312000005506
2020-08-14 08:00:00,2.1064800000021933
2020-08-14 15:00:00,2.2398400000383845
2020-08-15 05:00:00,0.7200000000011642
2020-08-15 06:00:00,0.6665599999541882
2020-08-15 16:00:00,0.6665600000269478
2020-08-16 07:00:00,0.6665600000269478
2020-08-16 08:00:00,0.7199199999740813
2020-08-16 14:00:00,0.7199199999740813
2020-08-16 20:00:00,0.6932800000504358
2020-08-17 01:00:00,0.6932800000504358
2020-08-17 07:00:00,0.7199200000468409
2020-08-18 04:00:00,0.7731999999668915
2020-08-18 05:00:00,0.7732800000667339
2020-08-19 12:00:00,0.7732800000667339
2020-08-19 20:00:00,1.9997600000351667
2020-08-20 04:00:00,0.6666399999812711
2020-08-20 05:00:00,0.6665600000269478
2020-08-21 10:00:00,0.6666399999812711
2020-08-22 03:00:00,0.6665600000269478
2020-08-22 05:00:00,0.6932800000504358
2020-08-22 06:00:00,0.6931999999505933
2020-08-22 10:00:00,0.6931999999505933
2020-08-22 13:00:00,0.6666399999812711
2020-08-22 17:00:00,0.6666399999812711
2020-08-22 18:00:00,0.6666400000540307
2020-08-22 22:00:00,0.6666400000540307
2020-08-23 03:00:00,0.6666400000540307
2020-08-23 17:00:00,0.6666399999812711
2020-08-23 19:00:00,0.6666399999812711
2020-08-24 07:00:00,0.6666400000540307
2020-08-24 15:00:00,2.213119999942137
2020-08-24 16:00:00,2.3730399999476504
2020-08-24 18:00:00,2.3730399999476504
2020-08-24 23:00:00,0.7731999999668915
2020-08-26 06:00:00,2.079760000051465
2020-08-27 15:00:00,2.079760000051465
2020-08-28 06:00:00,2.1064800000021933
2020-08-30 10:00:00,0.9065599999303232
2020-08-31 12:00:00,2.1064800000021933
2020-08-31 20:00:00,2.3730399999476504
2020-03-09 14:00:00,2.5330400000530062
2020-04-09 05:00:00,0.746560000043246
2020-04-09 17:00:00,2.239759999938542
2020-05-09 09:00:00,0.799920000063139
2020-05-09 10:00:00,0.7465599999704864
2020-06-09 20:00:00,0.799920000063139
2020-09-09 05:00:00,0.8265600000595441
2020-10-09 13:00:00,0.906639999957406
2020-11-09 15:00:00,2.506400000056601
2020-09-13 06:00:00,0.906639999957406
2020-09-13 07:00:00,0.8798399999795947
2020-09-13 08:00:00,0.906639999957406
2020-09-13 11:00:00,0.8798399999795947
2020-09-13 20:00:00,0.7200000000011642
2020-09-14 09:00:00,0.7200000000011642
2020-09-14 18:00:00,2.05312000005506
2020-09-15 01:00:00,0.6931999999505933
2020-09-16 06:00:00,2.05312000005506
2020-09-17 05:00:00,0.6931999999505933
2020-09-17 06:00:00,2.053200000009383
2020-09-19 07:00:00,1.1464800000248945
2020-09-22 15:00:00,2.053200000009383
2020-09-23 05:00:00,0.7199200000468409
2020-09-23 08:00:00,2.05312000005506
2020-09-24 20:00:00,2.05312000005506
2020-09-25 03:00:00,2.2664000000077067
2020-09-25 04:00:00,2.2664000000077067
2020-09-25 23:00:00,2.1598399999493267
2020-09-26 07:00:00,0.9065599999303232
2020-09-26 17:00:00,0.9065599999303232
2020-09-28 14:00:00,0.9066400000301656
2020-09-28 17:00:00,2.959759999939706
2020-09-28 18:00:00,3.0663999999524094
2020-03-10 15:00:00,1.0931999999593245
2020-05-10 10:00:00,2.613119999950868
2020-08-10 17:00:00,2.613119999950868
2020-10-10 12:00:00,1.1198400000284892
2020-11-10 06:00:00,1.1999199999991106
2020-11-10 12:00:00,1.119920000055572
2020-12-10 15:00:00,1.1999199999991106
2020-10-13 10:00:00,2.4530399999639485
2020-10-14 12:00:00,2.8796800000418443
2020-10-18 14:00:00,0.906639999957406
2020-10-18 20:00:00,0.906639999957406
2020-10-19 09:00:00,0.906639999957406
2020-10-19 10:00:00,2.2398400000383845
2020-10-23 13:00:00,2.4796799999603536
2020-10-23 16:00:00,2.4796799999603536
2020-10-23 22:00:00,0.879919999933918
2020-10-25 02:00:00,0.9172639999742388
2020-10-25 03:00:00,0.9012479999946664
2020-10-25 20:00:00,0.9065599999303232
2020-10-26 04:00:00,0.9065599999303232
2020-10-26 09:00:00,0.9065599999303232
2020-10-26 11:00:00,2.2131200000148965
2020-10-26 12:00:00,2.90631999996549
2020-10-31 09:00:00,0.906639999957406
2020-03-11 18:00:00,3.2264000000577653
2020-04-11 15:00:00,3.306400000001304
2020-05-11 09:00:00,3.706240000028629
2020-05-11 10:00:00,4.132960000060848
2020-06-11 10:00:00,4.132960000060848
2020-08-11 13:00:00,0.9598400000686524
2020-09-11 16:00:00,3.2796800000505755
2020-11-11 00:00:00,0.986639999973704
2020-12-11 06:00:00,2.346480000051088
2020-12-11 20:00:00,2.346480000051088
2020-11-15 14:00:00,0.879919999933918
2020-11-17 10:00:00,0.6132800000341376
2020-11-17 15:00:00,0.879919999933918
2020-11-20 08:00:00,2.0876235294032512
2020-11-20 16:00:00,2.613119999950868
2020-11-21 22:00:00,0.9866400000464636
2020-11-23 10:00:00,2.613119999950868
2020-11-23 11:00:00,3.546239999996033
2020-11-23 14:00:00,3.546239999996033
2020-11-25 00:00:00,0.9866400000464636
2020-11-27 20:00:00,2.506479999938165
2020-11-29 03:00:00,1.1464800000248945
2020-11-29 09:00:00,1.1465600000519771
2020-11-29 12:00:00,1.1465600000519771
2020-11-29 14:00:00,1.1732000000483822
2020-11-29 15:00:00,1.1732000000483822
2020-02-12 17:00:00,1.1732800000027055
2020-06-12 10:00:00,1.1198399999557296
2020-07-12 11:00:00,2.479680000033113
2020-08-12 16:00:00,2.773120000056224
2020-11-12 13:00:00,2.773120000056224
2020-11-12 14:00:00,2.7196799999364885
2020-12-15 12:00:00,2.613119999950868
2020-12-16 13:00:00,2.613119999950868
2020-12-16 21:00:00,0.4000000000087311
2020-12-17 05:00:00,0.2666400000452995
2020-12-17 06:00:00,0.4000000000087311
2020-12-17 07:00:00,0.4532800000015413
2020-12-17 09:00:00,0.4799199999979464
2020-12-17 14:00:00,0.6665599999541882
2020-12-17 21:00:00,0.6132800000341376
2020-12-17 22:00:00,0.613279999961378
2020-12-17 23:00:00,0.6132800000341376
2020-12-18 00:00:00,0.613279999961378
2020-12-18 01:00:00,0.613279999961378
2020-12-18 02:00:00,0.613279999961378
2020-12-18 03:00:00,0.613279999961378
2020-12-18 04:00:00,0.6132800000341376
2020-12-18 05:00:00,0.613279999961378
2020-12-18 06:00:00,0.613279999961378
2020-12-18 07:00:00,0.586639999964973
2020-12-18 08:00:00,0.586639999964973
2020-12-18 13:00:00,0.6132800000341376
2020-12-18 14:00:00,0.6666399999812711
2020-12-18 16:00:00,0.6132800000341376
2020-12-18 18:00:00,0.5866400000377325
2020-12-18 19:00:00,0.5866400000377325
2020-12-19 13:00:00,0.1599999999598367
2020-12-19 14:00:00,0.5332800000178395
2020-12-20 06:00:00,0.746560000043246
2020-12-21 06:00:00,0.746560000043246
2020-12-21 11:00:00,0.5599200000142446
2020-12-21 14:00:00,0.5599200000142446
2020-12-24 11:00:00,0.8266399999411078
2020-12-24 22:00:00,0.4532800000015413
2020-12-24 23:00:00,0.4533600000286242
2020-12-25 00:00:00,0.4532800000015413
2020-12-25 01:00:00,0.4532800000015413
2020-12-25 02:00:00,0.4532800000015413
2020-12-25 03:00:00,0.4532800000015413
2020-12-25 04:00:00,0.4532800000015413
2020-12-25 05:00:00,0.4532800000015413
2020-12-25 07:00:00,0.4532800000015413
2020-12-25 08:00:00,0.4532800000015413
2020-12-25 09:00:00,0.4532800000015413
2020-12-25 15:00:00,0.0532799999928101
2020-12-25 16:00:00,0.3466400000615977
2020-12-25 17:00:00,0.4532800000015413
2020-12-25 18:00:00,0.4532800000015413
2020-12-25 19:00:00,0.4532800000015413
2020-12-25 20:00:00,0.4532800000015413
2020-12-25 21:00:00,0.4532800000015413
2020-12-25 23:00:00,0.4532800000015413
2020-12-26 00:00:00,0.4532800000015413
2020-12-26 01:00:00,0.4532800000015413
2020-12-26 02:00:00,0.4266400000051362
2020-12-26 04:00:00,0.4266400000051362
2020-12-26 07:00:00,0.4266400000051362
2020-12-26 09:00:00,0.4266400000051362
2020-12-26 10:00:00,0.4532800000015413
2020-12-26 11:00:00,0.4532800000015413
2020-12-26 12:00:00,0.4532800000015413
2020-12-26 13:00:00,0.4266400000051362
2020-12-27 01:00:00,0.1332800000091083
2020-12-27 03:00:00,0.3999999999359716
2020-12-27 04:00:00,0.3999200000544078
2020-12-27 05:00:00,0.3999999999359716
2020-12-27 06:00:00,0.4266399999323766
2020-12-27 08:00:00,0.4266399999323766
2020-12-27 09:00:00,0.4266399999323766
2020-12-27 13:00:00,0.4266399999323766
2020-12-27 14:00:00,0.4266400000051362
2020-12-27 15:00:00,0.4266400000051362
2020-12-27 16:00:00,0.4266400000051362
2020-12-27 17:00:00,0.4266400000051362
2020-12-27 18:00:00,0.4265600000508129
2020-12-27 19:00:00,0.3999999999359716
2020-12-27 20:00:00,0.3999999999359716
2020-12-27 21:00:00,0.4266400000051362
2020-12-27 22:00:00,0.4266400000051362
2020-12-27 23:00:00,0.4266400000051362
2020-12-28 00:00:00,0.4266399999323766
2020-12-28 01:00:00,0.4266399999323766
2020-12-28 03:00:00,0.1333599999634316
2020-12-28 11:00:00,0.2399200000218115
2020-12-28 12:00:00,0.2399200000218115
2020-12-28 13:00:00,0.4266400000051362
2020-12-28 14:00:00,0.4266400000051362
2020-12-28 15:00:00,0.4266400000051362
2020-12-28 16:00:00,0.4532800000015413
2020-12-28 17:00:00,0.4532800000015413
2020-12-28 18:00:00,0.4000000000087311
2020-12-28 19:00:00,0.4000000000087311
2020-12-28 20:00:00,0.4265599999780534
2020-12-28 23:00:00,0.4266400000051362
2020-12-29 00:00:00,0.4266400000051362
2020-12-29 03:00:00,0.4266400000051362
2020-12-29 06:00:00,0.4266400000051362
2020-12-29 07:00:00,0.4265599999780534
2020-12-29 08:00:00,0.4000000000087311
2020-12-29 09:00:00,0.4000000000087311
2020-12-29 10:00:00,0.3999199999816483
2020-12-29 14:00:00,0.4000000000087311
2020-12-29 15:00:00,0.4000000000087311
2020-12-29 16:00:00,0.4265599999780534
2020-12-29 17:00:00,0.4265599999780534
2020-12-29 18:00:00,0.4266400000051362
2020-12-29 19:00:00,0.4266400000051362
2020-12-29 20:00:00,0.4266400000051362
2020-12-29 22:00:00,0.4266400000051362
2020-12-29 23:00:00,0.4265599999780534
2020-12-30 05:00:00,0.4265599999780534
2020-12-30 06:00:00,0.4000000000087311
2020-12-30 09:00:00,0.4265599999780534
2020-12-30 10:00:00,0.4265599999780534
2020-12-30 11:00:00,0.4265599999780534
2020-12-30 13:00:00,0.4265599999780534
2020-12-30 14:00:00,0.4000000000087311
2020-12-30 15:00:00,0.4000000000087311
2020-12-30 19:00:00,0.3999199999816483
2020-12-30 20:00:00,0.3999199999816483
2020-12-30 22:00:00,0.4000000000087311
2020-12-30 23:00:00,0.4265600000508129
2020-12-31 02:00:00,0.4265600000508129
2020-12-31 04:00:00,0.4265600000508129
2020-12-31 05:00:00,0.4000000000087311
2020-12-31 06:00:00,0.3999999999359716
2020-12-31 08:00:00,0.3999999999359716
2020-12-31 10:00:00,0.3999200000544078
2020-12-31 13:00:00,0.4265599999780534
2020-12-31 19:00:00,0.4265599999780534
2020-12-31 20:00:00,0.4265599999780534
2020-12-31 22:00:00,0.3999200000544078
2021-01-01 00:00:00,0.0800000000162981
2021-02-01 18:00:00,0.1866399999562418
2021-02-01 19:00:00,0.1866399999562418
2021-02-01 20:00:00,0.3999199999816483
2021-03-01 00:00:00,0.4000000000087311
2021-03-01 02:00:00,0.4000000000087311
2021-03-01 03:00:00,0.4265600000508129
2021-03-01 05:00:00,0.4265600000508129
2021-03-01 07:00:00,0.3999200000544078
2021-03-01 08:00:00,0.3999199999816483
2021-03-01 09:00:00,0.3999199999816483
2021-03-01 10:00:00,0.3999199999816483
2021-03-01 11:00:00,0.3999199999816483
2021-03-01 17:00:00,0.4266400000051362
2021-03-01 19:00:00,0.4265599999780534
2021-04-01 00:00:00,0.4265599999780534
2021-04-01 02:00:00,0.3999199999816483
2021-04-01 04:00:00,0.3999199999816483
2021-04-01 06:00:00,0.4000000000087311
2021-04-01 08:00:00,0.4266400000051362
2021-04-01 09:00:00,0.4800000000250293
2021-04-01 10:00:00,0.5865600000106497
2021-04-01 11:00:00,0.613279999961378
2021-04-01 12:00:00,0.613279999961378
2021-04-01 15:00:00,0.613279999961378
2021-04-01 21:00:00,0.586639999964973
2021-04-01 22:00:00,0.3999199999816483
2021-04-01 23:00:00,0.3999199999816483
2021-05-01 01:00:00,0.3999199999816483
2021-05-01 03:00:00,0.3999199999816483
2021-05-01 04:00:00,0.3999200000544078
2021-05-01 07:00:00,0.4266399999323766
2021-05-01 08:00:00,0.5065599999943515
2021-05-01 09:00:00,0.613279999961378
2021-05-01 12:00:00,0.613279999961378
2021-05-01 13:00:00,0.5599200000142446
2021-05-01 14:00:00,0.5599200000142446
2021-05-01 16:00:00,0.6132800000341376
2021-05-01 20:00:00,0.6132800000341376
2021-05-01 21:00:00,0.5599200000142446
2021-05-01 22:00:00,0.5599200000142446
2021-05-01 23:00:00,0.5599200000142446
2021-06-01 00:00:00,0.5599200000142446
2021-06-01 01:00:00,0.5599200000142446
2021-06-01 04:00:00,0.5865600000106497
2021-06-01 05:00:00,0.586639999964973
2021-06-01 06:00:00,0.586639999964973
2021-06-01 07:00:00,0.586639999964973
2021-06-01 08:00:00,0.5865600000106497
2021-06-01 09:00:00,0.5599999999685679
2021-06-01 10:00:00,0.5599200000142446
2021-06-01 11:00:00,0.5599999999685679
2021-06-01 12:00:00,0.5865599999378901
2021-06-01 13:00:00,0.5866400000377325
2021-06-01 14:00:00,0.5865600000106497
2021-06-01 15:00:00,0.5866400000377325
2021-06-01 17:00:00,0.5865600000106497
2021-06-01 18:00:00,0.5865600000106497
2021-06-01 19:00:00,0.5599999999685679
2021-06-01 21:00:00,0.5599999999685679
2021-06-01 22:00:00,0.5599200000142446
2021-06-01 23:00:00,0.5599999999685679
2021-07-01 00:00:00,0.586639999964973
2021-07-01 01:00:00,0.5866400000377325
2021-07-01 02:00:00,0.6132000000070548
2021-07-01 03:00:00,0.5866400000377325
2021-07-01 05:00:00,0.5866400000377325
2021-07-01 06:00:00,0.586639999964973
2021-07-01 07:00:00,0.586639999964973
2021-07-01 08:00:00,0.5599200000142446
2021-07-01 09:00:00,0.6132800000341376
2021-07-01 18:00:00,0.586639999964973
2021-07-01 20:00:00,0.586639999964973
2021-07-01 22:00:00,0.5332800000178395
2021-07-01 23:00:00,0.5332800000178395
2021-08-01 00:00:00,0.5865600000106497
2021-08-01 01:00:00,0.5865600000106497
2021-08-01 04:00:00,0.586639999964973
2021-08-01 06:00:00,0.5865600000106497
2021-08-01 07:00:00,0.5865600000106497
2021-08-01 08:00:00,0.5865600000106497
2021-08-01 09:00:00,0.6399200000305427
2021-08-01 17:00:00,0.6399200000305427
2021-08-01 18:00:00,0.5332800000178395
2021-08-01 19:00:00,0.5332799999450799
2021-09-01 00:00:00,0.4799199999979464
2021-09-01 03:00:00,0.4265599999780534
2021-09-01 08:00:00,0.4265599999780534
2021-09-01 13:00:00,0.4265599999780534
2021-09-01 14:00:00,0.4265600000508129
2021-09-01 17:00:00,0.4266399999323766
2021-09-01 19:00:00,0.5065599999943515
2021-10-01 01:00:00,0.5065599999943515
2021-10-01 08:00:00,0.4266400000051362
2021-10-01 12:00:00,0.4265599999780534
2021-10-01 16:00:00,0.4265599999780534
2021-10-01 17:00:00,0.3999999999359716
2021-10-01 19:00:00,0.3999999999359716
2021-10-01 22:00:00,0.4265600000508129
2021-11-01 04:00:00,0.4265600000508129
2021-11-01 06:00:00,0.373360000012326
2021-11-01 08:00:00,0.373360000012326
2021-11-01 19:00:00,0.5332799999450799
2021-11-01 20:00:00,0.5332799999450799
2021-12-01 01:00:00,0.5332799999450799
2021-12-01 02:00:00,0.3999999999359716
2021-12-01 09:00:00,0.3999999999359716
2021-12-01 12:00:00,0.5866400000377325
2021-12-01 13:00:00,0.5866400000377325
2021-12-01 18:00:00,0.5866400000377325
2021-01-13 02:00:00,0.5865600000106497
2021-01-13 03:00:00,0.3999199999816483
2021-01-14 00:00:00,0.3999199999816483
2021-01-14 01:00:00,0.4799199999979464
2021-01-14 02:00:00,0.4799199999979464
2021-01-14 03:00:00,0.5066399999486748
2021-01-14 04:00:00,0.5066399999486748
2021-01-14 05:00:00,0.5066399999486748
2021-01-14 06:00:00,0.5065599999943515
2021-01-14 18:00:00,0.5066400000214344
2021-01-14 19:00:00,0.6399200000305427
2021-01-14 21:00:00,0.6399200000305427
2021-01-14 22:00:00,0.5066400000214344
2021-01-15 02:00:00,0.4799199999979464
2021-01-15 04:00:00,0.4799199999979464
2021-01-15 05:00:00,0.4799199999979464
2021-01-15 06:00:00,0.5066399999486748
2021-01-15 07:00:00,0.5066400000214344
2021-01-15 08:00:00,0.5066400000214344
2021-01-15 13:00:00,0.7199199999740813
2021-01-15 20:00:00,0.7199199999740813
2021-01-15 22:00:00,0.5066400000214344
2021-01-15 23:00:00,0.5066399999486748
2021-01-16 03:00:00,0.4799199999979464
2021-01-16 04:00:00,0.4799199999979464
2021-01-16 06:00:00,0.4799199999979464
2021-01-16 07:00:00,0.4799999999522697
2021-01-16 08:00:00,0.4800000000250293
2021-01-16 09:00:00,0.4800000000250293
2021-01-16 10:00:00,0.5065599999943515
2021-01-16 11:00:00,0.4800000000250293
2021-01-16 12:00:00,0.4799199999979464
2021-01-16 13:00:00,0.4799199999979464
2021-01-16 16:00:00,0.4799199999979464
2021-01-16 17:00:00,0.4533600000286242
2021-01-16 18:00:00,0.4532800000015413
2021-01-16 20:00:00,0.4533600000286242
2021-01-16 21:00:00,0.4799199999979464
2021-01-16 22:00:00,0.4799999999522697
2021-01-16 23:00:00,0.4800000000250293
2021-01-17 00:00:00,0.5065599999943515
2021-01-17 09:00:00,0.4800000000250293
2021-01-17 10:00:00,0.5066400000214344
2021-01-17 11:00:00,0.5332800000178395
2021-01-17 13:00:00,0.6399200000305427
2021-01-17 15:00:00,0.6399200000305427
2021-01-17 16:00:00,0.6399200000305427
2021-01-17 17:00:00,0.6132800000341376
2021-01-17 18:00:00,0.6131999999342952
2021-01-17 20:00:00,0.6132800000341376
2021-01-18 00:00:00,0.6399199999577831
2021-01-18 01:00:00,0.6399200000305427
2021-01-18 02:00:00,0.6399199999577831
2021-01-18 03:00:00,0.586639999964973
2021-01-18 05:00:00,0.586639999964973
2021-01-18 06:00:00,0.6399199999577831
2021-01-18 19:00:00,0.6399199999577831
2021-01-19 00:00:00,0.5866400000377325
2021-01-19 01:00:00,0.5865600000106497
2021-01-19 02:00:00,0.5865599999378901
2021-01-19 03:00:00,0.5600000000413274
2021-01-19 04:00:00,0.5332800000178395
2021-01-19 05:00:00,0.5332800000178395
2021-01-19 06:00:00,0.5599200000142446
2021-01-19 09:00:00,0.5866400000377325
2021-01-19 20:00:00,0.6132800000341376
2021-01-19 21:00:00,0.6132800000341376
2021-01-19 22:00:00,0.586639999964973
2021-01-20 00:00:00,0.586639999964973
2021-01-20 02:00:00,0.5866400000377325
2021-01-20 05:00:00,0.5866400000377325
2021-01-20 07:00:00,0.5866400000377325
2021-01-20 15:00:00,0.613279999961378
2021-01-20 22:00:00,0.5066400000214344
2021-01-21 01:00:00,0.4800000000250293
2021-01-21 02:00:00,0.4800000000250293
2021-01-21 04:00:00,0.4532800000015413
2021-01-22 20:00:00,0.4532800000015413
2021-01-22 21:00:00,0.6132000000070548
2021-01-22 22:00:00,0.6132000000070548
2021-01-23 00:00:00,0.5866400000377325
2021-01-23 02:00:00,0.5066399999486748
2021-01-23 04:00:00,0.4532799999287817
2021-01-24 02:00:00,0.4265599999780534
2021-01-24 03:00:00,0.4532799999287817
2021-01-24 14:00:00,0.4532800000015413
2021-01-24 21:00:00,0.4532800000015413
2021-01-24 23:00:00,0.4266399999323766
2021-01-25 01:00:00,0.4266399999323766
2021-01-25 04:00:00,0.4533599999558646
2021-01-25 11:00:00,0.4533599999558646
2021-01-25 21:00:00,0.559919999941485
2021-01-25 23:00:00,0.559919999941485
2021-01-26 01:00:00,0.3732799999852432
2021-01-26 15:00:00,0.3732799999852432
2021-01-26 17:00:00,0.6399199999577831
2021-01-27 03:00:00,0.6399199999577831
2021-01-27 07:00:00,0.5599200000142446
2021-01-27 12:00:00,0.5599200000142446
2021-01-27 18:00:00,0.5599200000142446
2021-01-27 19:00:00,0.613279999961378
2021-01-27 22:00:00,0.559919999941485
2021-01-28 10:00:00,0.6131999999342952
2021-01-28 11:00:00,0.6131999999342952
2021-01-28 14:00:00,0.6400000000576256
2021-01-28 15:00:00,1.5199200000643032
2021-01-30 20:00:00,0.6666400000540307
2021-01-02 17:00:00,2.639680000065709
2021-01-02 18:00:00,2.53311999993457
2021-03-02 15:00:00,2.53311999993457
2021-07-02 16:00:00,1.9198400000459517
2021-08-02 12:00:00,1.9198400000459517
2021-08-02 18:00:00,2.559759999930975
2021-11-02 03:00:00,2.559759999930975
2021-11-02 05:00:00,1.2264800000411924
2021-11-02 15:00:00,1.2264800000411924
2021-12-02 05:00:00,1.2264800000411924
2021-02-13 19:00:00,0.9866400000464636
2021-02-14 09:00:00,0.9866400000464636
2021-02-17 05:00:00,0.9866400000464636
2021-02-17 15:00:00,1.173279999929946
2021-02-17 20:00:00,2.639759999947273
2021-02-19 17:00:00,2.639759999947273
2021-02-20 15:00:00,2.5864800000272226
2021-02-22 15:00:00,2.5864800000272226
2021-02-23 14:00:00,2.453120000063791
2021-02-24 04:00:00,2.453120000063791
2021-02-27 06:00:00,1.2265599999955157
2021-02-27 07:00:00,1.1998400000447873
2021-02-27 14:00:00,1.1998399999720275
2021-02-27 17:00:00,1.1464800000248945
2021-02-28 01:00:00,1.093200000032084
2021-01-03 18:00:00,1.1464800000248945
2021-01-03 19:00:00,2.479680000033113
2021-02-03 11:00:00,2.586479999954463
2021-02-03 19:00:00,2.479680000033113
2021-04-03 15:00:00,3.386400000017602
2021-05-03 08:00:00,2.746320000005653
2021-05-03 12:00:00,2.986320000054548
2021-05-03 15:00:00,2.746320000005653
2021-06-03 06:00:00,2.53311999993457
2021-06-03 12:00:00,1.093280000059167
2021-07-03 15:00:00,1.0932799999864071
2021-10-03 18:00:00,1.0932799999864071
2021-11-03 17:00:00,2.479760000060196
2021-03-13 10:00:00,2.479760000060196
2021-03-13 19:00:00,1.2532000000646804
2021-03-14 12:00:00,1.2265600000682753
2021-03-14 18:00:00,1.2265600000682753
2021-03-16 19:00:00,1.2265600000682753
2021-03-17 11:00:00,2.5330400000530062
2021-03-18 17:00:00,2.5330400000530062
2021-03-20 08:00:00,2.5330400000530062
2021-03-20 11:00:00,1.0398399999394314
2021-03-24 12:00:00,1.0398399999394314
2021-03-26 23:00:00,1.146479999952135
2021-03-27 07:00:00,1.1998400000447873
2021-03-27 14:00:00,1.146479999952135
2021-03-27 20:00:00,1.1732800000027055
2021-03-28 20:00:00,1.119920000055572
2021-03-30 12:00:00,1.1732800000027055
2021-02-04 16:00:00,1.119920000055572
2021-03-04 14:00:00,1.093280000059167
2021-04-04 08:00:00,1.093280000059167
2021-04-04 15:00:00,1.093280000059167
2021-05-04 20:00:00,1.1464800000248945
2021-06-04 19:00:00,1.1464800000248945
2021-10-04 22:00:00,1.1464800000248945
2021-04-17 16:00:00,1.0932799999864071
2021-04-18 18:00:00,1.0398399999394314
2021-04-18 19:00:00,1.0932799999864071
2021-04-21 16:00:00,1.093280000059167
2021-04-25 06:00:00,1.1998399999720275
2021-04-25 08:00:00,1.1998399999720275
2021-04-26 09:00:00,1.1998399999720275
2021-01-05 18:00:00,1.1998399999720275
2021-03-05 07:00:00,2.53311999993457
2021-09-05 07:00:00,1.0932799999864071
2021-10-05 16:00:00,2.559759999930975
2021-11-05 06:00:00,2.213119999942137
2021-12-05 21:00:00,0.8532799999375129
2021-05-13 19:00:00,0.8798399999795947
2021-05-15 14:00:00,0.8798399999795947
2021-05-18 11:00:00,0.986639999973704
2021-05-27 08:00:00,2.9596800000581425
2021-05-30 19:00:00,0.8532799999375129
2021-05-31 11:00:00,2.239759999938542
2021-04-06 10:00:00,2.1597599999950035
2021-04-06 11:00:00,2.1598400000220863
2021-04-06 16:00:00,2.1598400000220863
2021-05-06 07:00:00,0.7732000000396511
2021-05-06 13:00:00,0.6666400000540307
2021-05-06 18:00:00,0.6932000000233529
2021-06-06 06:00:00,0.6932000000233529
2021-08-06 11:00:00,0.8532799999375129
2021-12-06 08:00:00,0.8798400000523543
2021-12-06 09:00:00,0.879919999933918
2021-12-06 11:00:00,0.8798400000523543
2021-06-14 17:00:00,0.879919999933918
2021-06-15 11:00:00,2.1331199999985984
2021-06-15 14:00:00,2.1331199999985984
2021-06-15 15:00:00,2.1331199999985984
2021-06-16 13:00:00,2.1598400000220863
2021-06-16 16:00:00,2.186479999945732
2021-06-18 11:00:00,2.186479999945732
2021-06-18 16:00:00,2.213119999942137
2021-06-18 18:00:00,2.213119999942137
2021-06-19 07:00:00,0.6932799999776762
2021-06-19 08:00:00,0.6932000000233529
2021-06-19 16:00:00,0.6932000000233529
2021-06-20 05:00:00,0.6932000000233529
2021-06-20 06:00:00,0.6932000000233529
2021-06-20 08:00:00,0.7199200000468409
2021-06-21 13:00:00,0.7200000000011642
2021-06-22 11:00:00,2.266399999934947
2021-06-24 17:00:00,2.319839999981923
2021-06-25 01:00:00,0.7732800000667339
2021-06-25 08:00:00,2.319839999981923
2021-06-28 06:00:00,2.079840000005788
2021-06-28 07:00:00,2.10640000004787
2021-06-28 08:00:00,2.10640000004787
2021-06-28 09:00:00,2.10640000004787
2021-06-29 08:00:00,2.1598399999493267
2021-06-29 09:00:00,2.1331199999985984
2021-06-29 13:00:00,2.186479999945732
2021-03-07 19:00:00,0.7731999999668915
2021-04-07 10:00:00,0.6932800000504358
2021-05-07 09:00:00,0.7731999999668915
2021-05-07 14:00:00,2.1864800000184914
2021-06-07 20:00:00,2.1864800000184914
2021-07-07 08:00:00,2.426480000067386
2021-08-07 14:00:00,2.506479999938165
2021-09-07 05:00:00,0.799920000063139
2021-09-07 14:00:00,2.186400000064168
2021-10-07 17:00:00,0.7200000000011642
2021-12-07 13:00:00,2.186400000064168
2021-07-13 07:00:00,2.159760000067763
2021-07-13 15:00:00,2.4796799999603536
2021-07-14 11:00:00,2.4796799999603536
2021-07-15 13:00:00,2.5330400000530062
2021-07-16 04:00:00,0.8532000000559492
2021-07-19 16:00:00,2.1331199999985984
2021-07-20 15:00:00,2.1331199999985984
2021-07-20 18:00:00,2.2398400000383845
2021-07-20 20:00:00,2.2398400000383845
2021-07-21 17:00:00,2.2398400000383845
2021-07-23 12:00:00,2.213040000060573
2021-07-25 10:00:00,0.8532799999375129
2021-07-25 12:00:00,0.8532799999375129
2021-07-25 14:00:00,0.8532000000559492
2021-07-25 16:00:00,0.8532000000559492
2021-07-26 13:00:00,0.879919999933918
2021-07-29 10:00:00,2.0797599999787053
2021-07-30 10:00:00,2.0797599999787053
2021-07-30 11:00:00,2.053200000009383
2021-07-30 12:00:00,2.053200000009383
2021-07-30 16:00:00,2.1063999999751104
2021-01-08 10:00:00,2.1063999999751104
2021-01-08 11:00:00,0.8532799999375129
2021-06-08 13:00:00,0.8532799999375129
2021-06-08 14:00:00,2.266399999934947
2021-07-08 06:00:00,2.266399999934947
2021-07-08 07:00:00,0.879919999933918
2021-07-08 13:00:00,0.8532000000559492
2021-07-08 18:00:00,0.6931999999505933
2021-08-08 08:00:00,0.6931999999505933
2021-08-08 11:00:00,0.6666400000540307
2021-09-08 15:00:00,0.799920000063139
2021-10-08 17:00:00,2.2397600000113016
2021-11-08 15:00:00,2.2397600000113016
2021-08-13 06:00:00,2.0797599999787053
2021-08-14 02:00:00,0.6931999999505933
2021-08-14 16:00:00,0.6665599999541882
2021-08-15 06:00:00,0.6931999999505933
2021-08-15 09:00:00,0.6665599999541882
2021-08-15 13:00:00,0.6665599999541882
2021-08-15 15:00:00,0.6665599999541882
2021-08-15 18:00:00,0.6665599999541882
2021-08-16 06:00:00,0.6665599999541882
2021-08-16 07:00:00,1.99983999998949
2021-08-16 08:00:00,2.1063999999751104
2021-08-16 09:00:00,2.1063999999751104
2021-08-16 17:00:00,2.1063999999751104
2021-08-18 16:00:00,2.186479999945732
2021-08-19 14:00:00,2.186479999945732
2021-08-25 10:00:00,2.239759999938542
2021-08-25 19:00:00,2.1064799999294337
2021-08-26 14:00:00,2.2398400000383845
2021-08-27 16:00:00,2.2398400000383845
2021-08-28 19:00:00,2.2398400000383845
2021-08-29 18:00:00,1.146479999952135
2021-01-09 10:00:00,1.1464800000248945
2021-03-09 13:00:00,1.9464799999332167
2021-03-09 14:00:00,2.1064800000021933
2021-05-09 09:00:00,2.1064800000021933
2021-06-09 13:00:00,2.1064800000021933
2021-06-09 17:00:00,2.159760000067763
2021-09-09 11:00:00,2.159760000067763
2021-09-09 14:00:00,2.079760000051465
2021-10-09 00:00:00,0.7466400000703288
2021-12-09 17:00:00,0.6932000000233529
2021-09-19 18:00:00,0.7466400000703288
2021-09-20 08:00:00,0.8798400000523543
2021-09-23 11:00:00,2.613120000023628
2021-09-24 13:00:00,2.613120000023628
2021-09-24 14:00:00,2.346480000051088
2021-09-29 14:00:00,2.3463999999512453
2021-02-10 08:00:00,2.3463999999512453
2021-05-10 18:00:00,2.3463999999512453
2021-06-10 14:00:00,2.3730399999476504
2021-10-10 14:00:00,2.3730399999476504
2021-12-10 02:00:00,1.093280000059167
2021-12-10 07:00:00,1.093280000059167
2021-12-10 16:00:00,2.4796799999603536
2021-10-13 07:00:00,2.559759999930975
2021-10-16 10:00:00,2.559759999930975
2021-10-17 10:00:00,1.1464800000248945
2021-10-18 04:00:00,1.1464800000248945
2021-10-20 12:00:00,1.1464800000248945
2021-10-22 12:00:00,2.5596800000494118
2021-10-25 19:00:00,2.5596800000494118
2021-10-27 17:00:00,2.5596800000494118
2021-10-29 11:00:00,2.7196799999364885
2021-10-31 02:00:00,2.7196799999364885
2021-10-31 03:00:00,1.0319279999966966
2021-01-11 16:00:00,1.0825439999753144
2021-01-11 17:00:00,1.2532000000646804
2021-05-11 06:00:00,1.3864799999282695
2021-10-11 10:00:00,2.3198400000546826
2021-10-11 11:00:00,2.506479999938165
2021-11-13 14:00:00,2.506479999938165
2021-11-16 12:00:00,2.639680000065709
2021-11-18 02:00:00,1.2799199999426492
2021-11-18 03:00:00,1.2799199999426492
2021-11-18 04:00:00,1.2532800000190036
2021-11-18 11:00:00,1.2532800000190036
2021-11-20 15:00:00,1.2532800000190036
2021-11-22 02:00:00,1.146479999952135
2021-11-23 19:00:00,1.146479999952135
2021-11-27 06:00:00,1.1464800000248945
2021-11-27 19:00:00,1.1464800000248945
2021-11-28 10:00:00,1.1198400000284892
2021-11-29 09:00:00,1.1198400000284892
2021-11-30 14:00:00,2.506479999938165
2021-11-30 15:00:00,3.0663999999524094
2021-01-12 20:00:00,3.0663999999524094
2021-02-12 10:00:00,2.319839999981923
2021-02-12 12:00:00,1.8664800000260584
2021-03-12 09:00:00,1.8664800000260584
2021-04-12 12:00:00,1.8931999999767868
2021-05-12 07:00:00,1.8931999999767868
2021-05-12 18:00:00,1.1198399999557296
2021-06-12 12:00:00,1.1198399999557296
2021-08-12 12:00:00,2.639680000065709
2021-11-12 10:00:00,2.639680000065709
2021-12-12 03:00:00,1.4399199999752454
2021-12-12 14:00:00,1.4399199999752454
2021-12-13 14:00:00,1.46656000004441
2021-12-13 17:00:00,2.559759999930975
2021-12-15 21:00:00,2.559759999930975
2021-12-20 14:00:00,2.559759999930975
2021-12-20 21:00:00,1.7598399999405956
2021-12-21 14:00:00,1.7598400000133552
2021-12-24 00:00:00,1.146479999952135
2021-12-27 04:00:00,1.146479999952135
2021-12-27 14:00:00,1.093280000059167
